-- -------------------------------------------------------------
-- TablePlus 4.8.0(432)
--
-- https://tableplus.com/
--
-- Database: game_treasure_stealing
-- Generation Time: 2022-07-16 22:50:01.3390
-- -------------------------------------------------------------


DROP TABLE IF EXISTS "public"."admin_wallets";
-- This script only contains the table creation statements and does not fully represent the table in the database. It's still missing: indices, triggers. Do not use it as a backup.

-- Sequence and defined type
CREATE SEQUENCE IF NOT EXISTS admin_wallets_id_seq;

-- Table Definition
CREATE TABLE "public"."admin_wallets" (
    "id" int8 NOT NULL DEFAULT nextval('admin_wallets_id_seq'::regclass),
    "wallet_address" varchar(150) NOT NULL,
    "mnemonic" text,
    "private_key" varchar(100) NOT NULL,
    "private_key_arr" text,
    "created_at" timestamp(0),
    "updated_at" timestamp(0),
    PRIMARY KEY ("id")
);

DROP TABLE IF EXISTS "public"."admins";
-- This script only contains the table creation statements and does not fully represent the table in the database. It's still missing: indices, triggers. Do not use it as a backup.

-- Sequence and defined type
CREATE SEQUENCE IF NOT EXISTS admins_id_seq;

-- Table Definition
CREATE TABLE "public"."admins" (
    "id" int8 NOT NULL DEFAULT nextval('admins_id_seq'::regclass),
    "username" varchar(100) NOT NULL,
    "email" varchar(150) NOT NULL,
    "password" varchar(150) NOT NULL,
    "active" int2,
    "avatar_url" varchar(255),
    "display_name" varchar(255),
    "created_at" timestamp(0),
    "updated_at" timestamp(0),
    PRIMARY KEY ("id")
);

DROP TABLE IF EXISTS "public"."auth_refresh_tokens";
-- This script only contains the table creation statements and does not fully represent the table in the database. It's still missing: indices, triggers. Do not use it as a backup.

-- Table Definition
CREATE TABLE "public"."auth_refresh_tokens" (
    "id" varchar(100) NOT NULL DEFAULT NULL::character varying,
    "token" text NOT NULL,
    "data" text NOT NULL,
    "expires_at" timestamp(0)
);

DROP TABLE IF EXISTS "public"."game_playing";
-- This script only contains the table creation statements and does not fully represent the table in the database. It's still missing: indices, triggers. Do not use it as a backup.

-- Sequence and defined type
CREATE SEQUENCE IF NOT EXISTS games_play_id_seq;

-- Table Definition
CREATE TABLE "public"."game_playing" (
    "id" int8 NOT NULL DEFAULT nextval('games_play_id_seq'::regclass),
    "user_id" int8 NOT NULL,
    "game_id" int8,
    "data" json NOT NULL,
    "won" int2,
    "bonus" int2,
    "note" text,
    "heroes" text,
    "finished" int2,
    "winning_hero" varchar(100),
    "created_at" timestamp(0),
    "updated_at" timestamp(0),
    "non_nft_entries" int4,
    PRIMARY KEY ("id")
);

DROP TABLE IF EXISTS "public"."game_transactions";
-- This script only contains the table creation statements and does not fully represent the table in the database. It's still missing: indices, triggers. Do not use it as a backup.

-- Sequence and defined type
CREATE SEQUENCE IF NOT EXISTS game_transactions_id_seq;

-- Table Definition
CREATE TABLE "public"."game_transactions" (
    "id" int8 NOT NULL DEFAULT nextval('game_transactions_id_seq'::regclass),
    "type" varchar(50) NOT NULL,
    "amount" float8 NOT NULL,
    "event" varchar(255) NOT NULL,
    "user_id" int8,
    "description" text,
    "signature" varchar(100),
    "game_playing_id" int8,
    "created_at" timestamp(0),
    "updated_at" timestamp(0),
    PRIMARY KEY ("id")
);

DROP TABLE IF EXISTS "public"."games";
-- This script only contains the table creation statements and does not fully represent the table in the database. It's still missing: indices, triggers. Do not use it as a backup.

-- Sequence and defined type
CREATE SEQUENCE IF NOT EXISTS games_id_seq;

-- Table Definition
CREATE TABLE "public"."games" (
    "id" int8 NOT NULL DEFAULT nextval('games_id_seq'::regclass),
    "data" json,
    "result" varchar(30),
    "back_pot" float8,
    "end" int2,
    "note" text,
    "raked" float8,
    "created_at" timestamp(0),
    "updated_at" timestamp(0),
    "thieves_count" int4,
    PRIMARY KEY ("id")
);

DROP TABLE IF EXISTS "public"."hero_tier_tickets";
-- This script only contains the table creation statements and does not fully represent the table in the database. It's still missing: indices, triggers. Do not use it as a backup.

-- Sequence and defined type
CREATE SEQUENCE IF NOT EXISTS hero_tier_tickets_id_seq;

-- Table Definition
CREATE TABLE "public"."hero_tier_tickets" (
    "id" int8 NOT NULL DEFAULT nextval('hero_tier_tickets_id_seq'::regclass),
    "tier" varchar(100),
    "tickets" int4,
    "tix_from_stats" int4,
    "ev_class" float8,
    "post_rake_ev" float8,
    PRIMARY KEY ("id")
);

DROP TABLE IF EXISTS "public"."heroes";
-- This script only contains the table creation statements and does not fully represent the table in the database. It's still missing: indices, triggers. Do not use it as a backup.

-- Sequence and defined type
CREATE SEQUENCE IF NOT EXISTS heroes_id_seq;

-- Table Definition
CREATE TABLE "public"."heroes" (
    "id" int8 NOT NULL DEFAULT nextval('heroes_id_seq'::regclass),
    "mint" varchar(100),
    "user_id" int8,
    "active" int2,
    "extra_data" json,
    PRIMARY KEY ("id")
);

DROP TABLE IF EXISTS "public"."options";
-- This script only contains the table creation statements and does not fully represent the table in the database. It's still missing: indices, triggers. Do not use it as a backup.

-- Sequence and defined type
CREATE SEQUENCE IF NOT EXISTS options_id_seq;

-- Table Definition
CREATE TABLE "public"."options" (
    "id" int4 NOT NULL DEFAULT nextval('options_id_seq'::regclass),
    "option_name" varchar(200) NOT NULL,
    "option_value" text NOT NULL,
    "autoload" bool NOT NULL DEFAULT true,
    PRIMARY KEY ("id")
);

DROP TABLE IF EXISTS "public"."quantity_lookup";
-- This script only contains the table creation statements and does not fully represent the table in the database. It's still missing: indices, triggers. Do not use it as a backup.

-- Sequence and defined type
CREATE SEQUENCE IF NOT EXISTS quantity_lookup_id_seq;

-- Table Definition
CREATE TABLE "public"."quantity_lookup" (
    "id" int8 NOT NULL DEFAULT nextval('quantity_lookup_id_seq'::regclass),
    "type" varchar(30),
    "quantity_from" int4,
    "value" float8,
    PRIMARY KEY ("id")
);

DROP TABLE IF EXISTS "public"."usermeta";
-- This script only contains the table creation statements and does not fully represent the table in the database. It's still missing: indices, triggers. Do not use it as a backup.

-- Sequence and defined type
CREATE SEQUENCE IF NOT EXISTS usermeta_id_seq;

-- Table Definition
CREATE TABLE "public"."usermeta" (
    "umeta_id" int8 NOT NULL DEFAULT nextval('usermeta_id_seq'::regclass),
    "user_id" int8 NOT NULL,
    "meta_key" varchar(200) NOT NULL,
    "meta_value" text NOT NULL,
    PRIMARY KEY ("umeta_id")
);

DROP TABLE IF EXISTS "public"."users";
-- This script only contains the table creation statements and does not fully represent the table in the database. It's still missing: indices, triggers. Do not use it as a backup.

-- Sequence and defined type
CREATE SEQUENCE IF NOT EXISTS users_id_seq;

-- Table Definition
CREATE TABLE "public"."users" (
    "id" int8 NOT NULL DEFAULT nextval('users_id_seq'::regclass),
    "fullname" varchar(200),
    "wallet_address" varchar(100) NOT NULL,
    "password" varchar(150) NOT NULL,
    "email" varchar(150),
    "email_verified_at" timestamp(0),
    "balance" float8,
    "total_loot" float8,
    "total_loot_won" float8,
    "loose_loost" float8,
    "active" int2,
    "avatar_url" varchar(255),
    "uid" varchar(80) NOT NULL,
    "created_at" timestamp(0),
    "updated_at" timestamp(0),
    PRIMARY KEY ("id")
);

INSERT INTO "public"."admin_wallets" ("id", "wallet_address", "mnemonic", "private_key", "private_key_arr", "created_at", "updated_at") VALUES
(1, 'DzB8PMoXt4XQrYyfBQpLb2ivwA3f4Srp2McknvDpPVuH', 'liberty type unlock muffin remind cattle fork isolate result oven artwork surround jealous trial dentist sure nothing safe toilet few seat habit ramp task', 'b9322b8fbfb565556e137f6028d22ba01e147670203d8d5ca4739ee4e2f1c71d', '[185,50,43,143,191,181,101,85,110,19,127,96,40,210,43,160,30,20,118,112,32,61,141,92,164,115,158,228,226,241,199,29]', '2022-07-12 10:34:32', '2022-07-12 10:34:32'),
(2, 'B8eycqTAqai7wZnEdbVdu9qH891jEUTJiKEcVPGTzFmw', 'dinner trash survey blind vanish injury recycle pear arch video wise vocal echo strike caught smile will expand shift label diary social nothing put', '0f4c19043120ebf1209d709e7947fc0e70361ad54ca6594909a74e9b7235fd57', '[15,76,25,4,49,32,235,241,32,157,112,158,121,71,252,14,112,54,26,213,76,166,89,73,9,167,78,155,114,53,253,87]', '2022-07-12 11:23:38', '2022-07-12 11:23:38'),
(3, '51Ggzsz1UcsdRx7eu5sNHcTkvznfF7Gj2hrudj5Bz2wR', 'believe level antenna penalty powder knife base game spot cause calm effort sing umbrella spatial tortoise seat color bird trust debris network come fog', '73d2dbc86cd00fe874d5f4c62b8b252b24efe1826192c0ebed53efefb9235825', '[115,210,219,200,108,208,15,232,116,213,244,198,43,139,37,43,36,239,225,130,97,146,192,235,237,83,239,239,185,35,88,37]', '2022-07-12 11:24:17', '2022-07-12 11:24:17'),
(4, '8CxRiAjbFUHbSNuByhbK3gstCbJDorDSnKLbdqqoRk54', 'kite prevent radar hobby away vital few donkey trophy six pole vote report ski warm clean review blossom lunch equal mask catalog giant life', '6722f02430f487bd141dac4e93c11730a4ab6736e4b99037350f7c89d6d2d704', '[103,34,240,36,48,244,135,189,20,29,172,78,147,193,23,48,164,171,103,54,228,185,144,55,53,15,124,137,214,210,215,4]', '2022-07-12 12:32:55', '2022-07-12 12:32:55'),
(5, '3UqiAthJCdNVAc1neWWfqmkBwE6Byjadnfq9hgB4X1FR', 'wage auto fluid sketch solar news pear profit soon ladder drama various', '8e655a70b80b54a03e61e9d8d25d16ebb603e285caf2cf3552fcba248defba5d', '[142,101,90,112,184,11,84,160,62,97,233,216,210,93,22,235,182,3,226,133,202,242,207,53,82,252,186,36,141,239,186,93]', '2022-07-13 04:57:38', '2022-07-13 04:57:38');

INSERT INTO "public"."admins" ("id", "username", "email", "password", "active", "avatar_url", "display_name", "created_at", "updated_at") VALUES
(1, 'admin', 'tai.ictu@gmail.com', '$2b$06$fTbMrcSj9tAZZWG3KSJh.OL1a4e1UgmRCwtxS1y4uBiGylnchpJI6', 1, '', '', '2022-07-04 00:20:46', '2022-07-04 00:20:46');

INSERT INTO "public"."auth_refresh_tokens" ("id", "token", "data", "expires_at") VALUES
('e3b87dfc-231f-4280-91b9-8aa10c5f76b0', 'eyJhbGciOiJIUzI1NiIsInR5cCI6IkpXVCJ9.eyJpZCI6IjEiLCJmdWxsbmFtZSI6IkJlIFRhaSIsImVtYWlsIjoidGFpLmljdHVAZ21haWwuY29tIiwiZW1haWxfdmVyaWZpZWRfYXQiOiIyMDIyLTA2LTE3VDAzOjA5OjQ1LjAwMFoiLCJhY3RpdmUiOjEsInNvbF9iYWxhbmNlIjowLCJsb290X3RvdGFsIjowLCJhdmF0YXJfdXJsIjpudWxsLCJ1aWQiOiI2Y3dhUVRYNiIsImNyZWF0ZWRfYXQiOiIyMDIyLTA2LTE3VDAzOjA5OjQ1LjAwMFoiLCJ1cGRhdGVkX2F0IjoiMjAyMi0wNi0xN1QwMzowOTo0NS4wMDBaIiwidG9rZW5faWQiOiJlM2I4N2RmYy0yMzFmLTQyODAtOTFiOS04YWExMGM1Zjc2YjAiLCJpYXQiOjE2NTU0MzgwMTMsImV4cCI6MTY1NjA0MjgxM30.lG7r9Fmm_PHJSAOGRBBtX2QzCICGzR9FIcZ8srPtZMY', '{"id":"1","fullname":"Be Tai","email":"tai.ictu@gmail.com","email_verified_at":"2022-06-17T03:09:45.000Z","active":1,"sol_balance":0,"loot_total":0,"avatar_url":null,"uid":"6cwaQTX6","created_at":"2022-06-17T03:09:45.000Z","updated_at":"2022-06-17T03:09:45.000Z","token_id":"e3b87dfc-231f-4280-91b9-8aa10c5f76b0"}', '2022-06-24 03:53:33'),
('b5ee09ae-6a1b-4aa0-a02b-be228074aa70', 'eyJhbGciOiJIUzI1NiIsInR5cCI6IkpXVCJ9.eyJpZCI6IjEiLCJmdWxsbmFtZSI6IkJlIFRhaSIsImVtYWlsIjoidGFpLmljdHVAZ21haWwuY29tIiwiZW1haWxfdmVyaWZpZWRfYXQiOiIyMDIyLTA2LTE3VDAzOjA5OjQ1LjAwMFoiLCJhY3RpdmUiOjEsInNvbF9iYWxhbmNlIjowLCJsb290X3RvdGFsIjowLCJhdmF0YXJfdXJsIjpudWxsLCJ1aWQiOiI2Y3dhUVRYNiIsImNyZWF0ZWRfYXQiOiIyMDIyLTA2LTE3VDAzOjA5OjQ1LjAwMFoiLCJ1cGRhdGVkX2F0IjoiMjAyMi0wNi0xN1QwMzowOTo0NS4wMDBaIiwidG9rZW5faWQiOiJiNWVlMDlhZS02YTFiLTRhYTAtYTAyYi1iZTIyODA3NGFhNzAiLCJpYXQiOjE2NTU0NTMzNDgsImV4cCI6MTY1NjA1ODE0OH0.SbY0FyufuZJQ9dG6ccdfl5q_8NMv_W9_JMtHRlHSyj0', '{"id":"1","fullname":"Be Tai","email":"tai.ictu@gmail.com","email_verified_at":"2022-06-17T03:09:45.000Z","active":1,"sol_balance":0,"loot_total":0,"avatar_url":null,"uid":"6cwaQTX6","created_at":"2022-06-17T03:09:45.000Z","updated_at":"2022-06-17T03:09:45.000Z","token_id":"b5ee09ae-6a1b-4aa0-a02b-be228074aa70"}', '2022-06-23 20:09:08'),
('61531d33-8d63-43a1-bb19-96b08d9514dc', 'eyJhbGciOiJIUzI1NiIsInR5cCI6IkpXVCJ9.eyJpZCI6IjEiLCJmdWxsbmFtZSI6IkJlIFRhaSIsImVtYWlsIjoidGFpLmljdHVAZ21haWwuY29tIiwiZW1haWxfdmVyaWZpZWRfYXQiOiIyMDIyLTA2LTE3VDAzOjA5OjQ1LjAwMFoiLCJhY3RpdmUiOjEsInNvbF9iYWxhbmNlIjowLCJsb290X3RvdGFsIjowLCJhdmF0YXJfdXJsIjpudWxsLCJ1aWQiOiI2Y3dhUVRYNiIsImNyZWF0ZWRfYXQiOiIyMDIyLTA2LTE3VDAzOjA5OjQ1LjAwMFoiLCJ1cGRhdGVkX2F0IjoiMjAyMi0wNi0xN1QwMzowOTo0NS4wMDBaIiwidG9rZW5faWQiOiI2MTUzMWQzMy04ZDYzLTQzYTEtYmIxOS05NmIwOGQ5NTE0ZGMiLCJpYXQiOjE2NTU0NTMzNzAsImV4cCI6MTY1NjA1ODE3MH0.zPc_sGcouZlLnM2iYlfdrcbxjzvrLlPG9haW9L8RgdU', '{"id":"1","fullname":"Be Tai","email":"tai.ictu@gmail.com","email_verified_at":"2022-06-17T03:09:45.000Z","active":1,"sol_balance":0,"loot_total":0,"avatar_url":null,"uid":"6cwaQTX6","created_at":"2022-06-17T03:09:45.000Z","updated_at":"2022-06-17T03:09:45.000Z","token_id":"61531d33-8d63-43a1-bb19-96b08d9514dc"}', '2022-06-23 20:09:30'),
('e39d0ede-7780-44cc-8278-20b6657b51f8', 'eyJhbGciOiJIUzI1NiIsInR5cCI6IkpXVCJ9.eyJpZCI6IjEiLCJmdWxsbmFtZSI6IkJlIFRhaSIsImVtYWlsIjoidGFpLmljdHVAZ21haWwuY29tIiwiZW1haWxfdmVyaWZpZWRfYXQiOiIyMDIyLTA2LTE3VDAzOjA5OjQ1LjAwMFoiLCJhY3RpdmUiOjEsInNvbF9iYWxhbmNlIjowLCJsb290X3RvdGFsIjowLCJhdmF0YXJfdXJsIjpudWxsLCJ1aWQiOiI2Y3dhUVRYNiIsImNyZWF0ZWRfYXQiOiIyMDIyLTA2LTE3VDAzOjA5OjQ1LjAwMFoiLCJ1cGRhdGVkX2F0IjoiMjAyMi0wNi0xN1QwMzowOTo0NS4wMDBaIiwidG9rZW5faWQiOiJlMzlkMGVkZS03NzgwLTQ0Y2MtODI3OC0yMGI2NjU3YjUxZjgiLCJpYXQiOjE2NTU0NTc5MzcsImV4cCI6MTY1NjA2MjczN30.VHw9T3coJ0ikqBfuRVnUz_rA3T6lFlI_0nkIC4ysgPM', '{"id":"1","fullname":"Be Tai","email":"tai.ictu@gmail.com","email_verified_at":"2022-06-17T03:09:45.000Z","active":1,"sol_balance":0,"loot_total":0,"avatar_url":null,"uid":"6cwaQTX6","created_at":"2022-06-17T03:09:45.000Z","updated_at":"2022-06-17T03:09:45.000Z","token_id":"e39d0ede-7780-44cc-8278-20b6657b51f8"}', '2022-06-23 21:25:37'),
('423c5748-09ba-46f5-a571-9ce7ad7574de', 'eyJhbGciOiJIUzI1NiIsInR5cCI6IkpXVCJ9.eyJpZCI6IjEiLCJmdWxsbmFtZSI6IkJlIFRhaSIsImVtYWlsIjoidGFpLmljdHVAZ21haWwuY29tIiwiZW1haWxfdmVyaWZpZWRfYXQiOiIyMDIyLTA2LTE3VDAzOjA5OjQ1LjAwMFoiLCJhY3RpdmUiOjEsInNvbF9iYWxhbmNlIjowLCJsb290X3RvdGFsIjowLCJhdmF0YXJfdXJsIjpudWxsLCJ1aWQiOiI2Y3dhUVRYNiIsImNyZWF0ZWRfYXQiOiIyMDIyLTA2LTE3VDAzOjA5OjQ1LjAwMFoiLCJ1cGRhdGVkX2F0IjoiMjAyMi0wNi0xN1QwMzowOTo0NS4wMDBaIiwidG9rZW5faWQiOiI0MjNjNTc0OC0wOWJhLTQ2ZjUtYTU3MS05Y2U3YWQ3NTc0ZGUiLCJpYXQiOjE2NTU0NjYxMDYsImV4cCI6MTY1NjA3MDkwNn0.s3cda-YWacVp73jUNto6t12RXC6Pg_m_5R0JyrPKsVw', '{"id":"1","fullname":"Be Tai","email":"tai.ictu@gmail.com","email_verified_at":"2022-06-17T03:09:45.000Z","active":1,"sol_balance":0,"loot_total":0,"avatar_url":null,"uid":"6cwaQTX6","created_at":"2022-06-17T03:09:45.000Z","updated_at":"2022-06-17T03:09:45.000Z","token_id":"423c5748-09ba-46f5-a571-9ce7ad7574de"}', '2022-06-23 23:41:46'),
('dfc5625f-32aa-4e50-99d3-f08a949af363', 'eyJhbGciOiJIUzI1NiIsInR5cCI6IkpXVCJ9.eyJpZCI6IjEiLCJmdWxsbmFtZSI6IkJlIFRhaSIsImVtYWlsIjoidGFpLmljdHVAZ21haWwuY29tIiwiZW1haWxfdmVyaWZpZWRfYXQiOiIyMDIyLTA2LTE3VDAzOjA5OjQ1LjAwMFoiLCJhY3RpdmUiOjEsInNvbF9iYWxhbmNlIjowLCJsb290X3RvdGFsIjowLCJhdmF0YXJfdXJsIjpudWxsLCJ1aWQiOiI2Y3dhUVRYNiIsImNyZWF0ZWRfYXQiOiIyMDIyLTA2LTE3VDAzOjA5OjQ1LjAwMFoiLCJ1cGRhdGVkX2F0IjoiMjAyMi0wNi0xN1QwMzowOTo0NS4wMDBaIiwidG9rZW5faWQiOiJkZmM1NjI1Zi0zMmFhLTRlNTAtOTlkMy1mMDhhOTQ5YWYzNjMiLCJpYXQiOjE2NTU0NjYzMjQsImV4cCI6MTY1NjA3MTEyNH0.NnZW4Eo2Y9jNsF3F4kyJSdR26F1niYuY50TZL-RW6M4', '{"id":"1","fullname":"Be Tai","email":"tai.ictu@gmail.com","email_verified_at":"2022-06-17T03:09:45.000Z","active":1,"sol_balance":0,"loot_total":0,"avatar_url":null,"uid":"6cwaQTX6","created_at":"2022-06-17T03:09:45.000Z","updated_at":"2022-06-17T03:09:45.000Z","token_id":"dfc5625f-32aa-4e50-99d3-f08a949af363"}', '2022-06-23 23:45:24'),
('4a4f5626-5f15-4585-b71e-b60259474078', 'eyJhbGciOiJIUzI1NiIsInR5cCI6IkpXVCJ9.eyJpZCI6IjEiLCJmdWxsbmFtZSI6IkJlIFRhaSIsImVtYWlsIjoidGFpLmljdHVAZ21haWwuY29tIiwiZW1haWxfdmVyaWZpZWRfYXQiOiIyMDIyLTA2LTE3VDAzOjA5OjQ1LjAwMFoiLCJhY3RpdmUiOjEsInNvbF9iYWxhbmNlIjowLCJsb290X3RvdGFsIjowLCJhdmF0YXJfdXJsIjpudWxsLCJ1aWQiOiI2Y3dhUVRYNiIsImNyZWF0ZWRfYXQiOiIyMDIyLTA2LTE3VDAzOjA5OjQ1LjAwMFoiLCJ1cGRhdGVkX2F0IjoiMjAyMi0wNi0xN1QwMzowOTo0NS4wMDBaIiwidG9rZW5faWQiOiI0YTRmNTYyNi01ZjE1LTQ1ODUtYjcxZS1iNjAyNTk0NzQwNzgiLCJpYXQiOjE2NTU0NjY0MTYsImV4cCI6MTY1NjA3MTIxNn0.kz4lNuuxEbD8uS5UIxBiYmmt8yOaqlr0-d5laXrgomk', '{"id":"1","fullname":"Be Tai","email":"tai.ictu@gmail.com","email_verified_at":"2022-06-17T03:09:45.000Z","active":1,"sol_balance":0,"loot_total":0,"avatar_url":null,"uid":"6cwaQTX6","created_at":"2022-06-17T03:09:45.000Z","updated_at":"2022-06-17T03:09:45.000Z","token_id":"4a4f5626-5f15-4585-b71e-b60259474078"}', '2022-06-23 23:46:56'),
('e92691d8-0455-4196-9a4c-e5f4e289c1ff', 'eyJhbGciOiJIUzI1NiIsInR5cCI6IkpXVCJ9.eyJpZCI6IjEiLCJmdWxsbmFtZSI6IkJlIFRhaSIsImVtYWlsIjoidGFpLmljdHVAZ21haWwuY29tIiwiZW1haWxfdmVyaWZpZWRfYXQiOiIyMDIyLTA2LTE3VDAzOjA5OjQ1LjAwMFoiLCJhY3RpdmUiOjEsInNvbF9iYWxhbmNlIjowLCJsb290X3RvdGFsIjowLCJhdmF0YXJfdXJsIjpudWxsLCJ1aWQiOiI2Y3dhUVRYNiIsImNyZWF0ZWRfYXQiOiIyMDIyLTA2LTE3VDAzOjA5OjQ1LjAwMFoiLCJ1cGRhdGVkX2F0IjoiMjAyMi0wNi0xN1QwMzowOTo0NS4wMDBaIiwidG9rZW5faWQiOiJlOTI2OTFkOC0wNDU1LTQxOTYtOWE0Yy1lNWY0ZTI4OWMxZmYiLCJpYXQiOjE2NTU0NjY0NTUsImV4cCI6MTY1NjA3MTI1NX0.ObL6oGKdOFYd59SKWf-8fJmTMXnacMgpbiydu1cvfN0', '{"id":"1","fullname":"Be Tai","email":"tai.ictu@gmail.com","email_verified_at":"2022-06-17T03:09:45.000Z","active":1,"sol_balance":0,"loot_total":0,"avatar_url":null,"uid":"6cwaQTX6","created_at":"2022-06-17T03:09:45.000Z","updated_at":"2022-06-17T03:09:45.000Z","token_id":"e92691d8-0455-4196-9a4c-e5f4e289c1ff"}', '2022-06-23 23:47:35'),
('b30e4f28-cd68-4e9e-ad91-4e05d0095dac', 'eyJhbGciOiJIUzI1NiIsInR5cCI6IkpXVCJ9.eyJpZCI6IjEiLCJmdWxsbmFtZSI6IkJlIFRhaSIsImVtYWlsIjoidGFpLmljdHVAZ21haWwuY29tIiwiZW1haWxfdmVyaWZpZWRfYXQiOiIyMDIyLTA2LTE3VDAzOjA5OjQ1LjAwMFoiLCJhY3RpdmUiOjEsInNvbF9iYWxhbmNlIjowLCJsb290X3RvdGFsIjowLCJhdmF0YXJfdXJsIjpudWxsLCJ1aWQiOiI2Y3dhUVRYNiIsImNyZWF0ZWRfYXQiOiIyMDIyLTA2LTE3VDAzOjA5OjQ1LjAwMFoiLCJ1cGRhdGVkX2F0IjoiMjAyMi0wNi0xN1QwMzowOTo0NS4wMDBaIiwidG9rZW5faWQiOiJiMzBlNGYyOC1jZDY4LTRlOWUtYWQ5MS00ZTA1ZDAwOTVkYWMiLCJpYXQiOjE2NTU0NjY2MzcsImV4cCI6MTY1NjA3MTQzN30.31dYi8mep9o_J3rapYs3Is5AlXWB-fLqaHhSs2Tbqyw', '{"id":"1","fullname":"Be Tai","email":"tai.ictu@gmail.com","email_verified_at":"2022-06-17T03:09:45.000Z","active":1,"sol_balance":0,"loot_total":0,"avatar_url":null,"uid":"6cwaQTX6","created_at":"2022-06-17T03:09:45.000Z","updated_at":"2022-06-17T03:09:45.000Z","token_id":"b30e4f28-cd68-4e9e-ad91-4e05d0095dac"}', '2022-06-23 23:50:37'),
('2ddeda3c-187a-48f7-a313-e2997498fd9f', 'eyJhbGciOiJIUzI1NiIsInR5cCI6IkpXVCJ9.eyJpZCI6IjEiLCJmdWxsbmFtZSI6IkJlIFRhaSIsImVtYWlsIjoidGFpLmljdHVAZ21haWwuY29tIiwiZW1haWxfdmVyaWZpZWRfYXQiOiIyMDIyLTA2LTE3VDAzOjA5OjQ1LjAwMFoiLCJhY3RpdmUiOjEsInNvbF9iYWxhbmNlIjowLCJsb290X3RvdGFsIjowLCJhdmF0YXJfdXJsIjpudWxsLCJ1aWQiOiI2Y3dhUVRYNiIsImNyZWF0ZWRfYXQiOiIyMDIyLTA2LTE3VDAzOjA5OjQ1LjAwMFoiLCJ1cGRhdGVkX2F0IjoiMjAyMi0wNi0xN1QwMzowOTo0NS4wMDBaIiwidG9rZW5faWQiOiIyZGRlZGEzYy0xODdhLTQ4ZjctYTMxMy1lMjk5NzQ5OGZkOWYiLCJpYXQiOjE2NTU0NjY3MDYsImV4cCI6MTY1NjA3MTUwNn0.1wuw-NptrMdzOC39bOUJOKj4QpR5m1IODYzL_vDX7Ho', '{"id":"1","fullname":"Be Tai","email":"tai.ictu@gmail.com","email_verified_at":"2022-06-17T03:09:45.000Z","active":1,"sol_balance":0,"loot_total":0,"avatar_url":null,"uid":"6cwaQTX6","created_at":"2022-06-17T03:09:45.000Z","updated_at":"2022-06-17T03:09:45.000Z","token_id":"2ddeda3c-187a-48f7-a313-e2997498fd9f"}', '2022-06-23 23:51:46'),
('85e199f5-8429-4b5d-939b-6a5fd140ac16', 'eyJhbGciOiJIUzI1NiIsInR5cCI6IkpXVCJ9.eyJpZCI6IjEiLCJmdWxsbmFtZSI6IkJlIFRhaSIsImVtYWlsIjoidGFpLmljdHVAZ21haWwuY29tIiwiZW1haWxfdmVyaWZpZWRfYXQiOiIyMDIyLTA2LTE3VDAzOjA5OjQ1LjAwMFoiLCJhY3RpdmUiOjEsInNvbF9iYWxhbmNlIjowLCJsb290X3RvdGFsIjowLCJhdmF0YXJfdXJsIjpudWxsLCJ1aWQiOiI2Y3dhUVRYNiIsImNyZWF0ZWRfYXQiOiIyMDIyLTA2LTE3VDAzOjA5OjQ1LjAwMFoiLCJ1cGRhdGVkX2F0IjoiMjAyMi0wNi0xN1QwMzowOTo0NS4wMDBaIiwidG9rZW5faWQiOiI4NWUxOTlmNS04NDI5LTRiNWQtOTM5Yi02YTVmZDE0MGFjMTYiLCJpYXQiOjE2NTU0Njc1NTAsImV4cCI6MTY1NjA3MjM1MH0.5tXbaAGc3kldrgryTgAUrSTN8duhvw0EA6RY43E-AMo', '{"id":"1","fullname":"Be Tai","email":"tai.ictu@gmail.com","email_verified_at":"2022-06-17T03:09:45.000Z","active":1,"sol_balance":0,"loot_total":0,"avatar_url":null,"uid":"6cwaQTX6","created_at":"2022-06-17T03:09:45.000Z","updated_at":"2022-06-17T03:09:45.000Z","token_id":"85e199f5-8429-4b5d-939b-6a5fd140ac16"}', '2022-06-24 00:05:50'),
('b961336e-c32e-43cd-a139-6b0d9e174f84', 'eyJhbGciOiJIUzI1NiIsInR5cCI6IkpXVCJ9.eyJpZCI6IjEiLCJmdWxsbmFtZSI6IkJlIFRhaSIsImVtYWlsIjoidGFpLmljdHVAZ21haWwuY29tIiwiZW1haWxfdmVyaWZpZWRfYXQiOiIyMDIyLTA2LTE3VDAzOjA5OjQ1LjAwMFoiLCJhY3RpdmUiOjEsInNvbF9iYWxhbmNlIjowLCJsb290X3RvdGFsIjowLCJhdmF0YXJfdXJsIjpudWxsLCJ1aWQiOiI2Y3dhUVRYNiIsImNyZWF0ZWRfYXQiOiIyMDIyLTA2LTE3VDAzOjA5OjQ1LjAwMFoiLCJ1cGRhdGVkX2F0IjoiMjAyMi0wNi0xN1QwMzowOTo0NS4wMDBaIiwidG9rZW5faWQiOiJiOTYxMzM2ZS1jMzJlLTQzY2QtYTEzOS02YjBkOWUxNzRmODQiLCJpYXQiOjE2NTU0Njc3MDEsImV4cCI6MTY1NjA3MjUwMX0.LOiGrA6XYWC5UOdsJiXNJTr8CLdTxwmtBKRjAU_nW6k', '{"id":"1","fullname":"Be Tai","email":"tai.ictu@gmail.com","email_verified_at":"2022-06-17T03:09:45.000Z","active":1,"sol_balance":0,"loot_total":0,"avatar_url":null,"uid":"6cwaQTX6","created_at":"2022-06-17T03:09:45.000Z","updated_at":"2022-06-17T03:09:45.000Z","token_id":"b961336e-c32e-43cd-a139-6b0d9e174f84"}', '2022-06-24 00:08:21'),
('ffc0c657-4835-4eaf-a0c6-80fa48243655', 'eyJhbGciOiJIUzI1NiIsInR5cCI6IkpXVCJ9.eyJpZCI6IjEiLCJmdWxsbmFtZSI6IkJlIFRhaSIsImVtYWlsIjoidGFpLmljdHVAZ21haWwuY29tIiwiZW1haWxfdmVyaWZpZWRfYXQiOiIyMDIyLTA2LTE3VDAzOjA5OjQ1LjAwMFoiLCJhY3RpdmUiOjEsInNvbF9iYWxhbmNlIjowLCJsb290X3RvdGFsIjowLCJhdmF0YXJfdXJsIjpudWxsLCJ1aWQiOiI2Y3dhUVRYNiIsImNyZWF0ZWRfYXQiOiIyMDIyLTA2LTE3VDAzOjA5OjQ1LjAwMFoiLCJ1cGRhdGVkX2F0IjoiMjAyMi0wNi0xN1QwMzowOTo0NS4wMDBaIiwidG9rZW5faWQiOiJmZmMwYzY1Ny00ODM1LTRlYWYtYTBjNi04MGZhNDgyNDM2NTUiLCJpYXQiOjE2NTU0Njc3MDcsImV4cCI6MTY1NjA3MjUwN30.fTl-8Ii7NKssGdGIhrkzkWiSb3oDzYNivV9uhJHbiNc', '{"id":"1","fullname":"Be Tai","email":"tai.ictu@gmail.com","email_verified_at":"2022-06-17T03:09:45.000Z","active":1,"sol_balance":0,"loot_total":0,"avatar_url":null,"uid":"6cwaQTX6","created_at":"2022-06-17T03:09:45.000Z","updated_at":"2022-06-17T03:09:45.000Z","token_id":"ffc0c657-4835-4eaf-a0c6-80fa48243655"}', '2022-06-24 00:08:27'),
('b739c177-90c8-4957-9dae-9f164a02331b', 'eyJhbGciOiJIUzI1NiIsInR5cCI6IkpXVCJ9.eyJpZCI6IjEiLCJmdWxsbmFtZSI6IkJlIFRhaSIsImVtYWlsIjoidGFpLmljdHVAZ21haWwuY29tIiwiZW1haWxfdmVyaWZpZWRfYXQiOiIyMDIyLTA2LTE3VDAzOjA5OjQ1LjAwMFoiLCJhY3RpdmUiOjEsInNvbF9iYWxhbmNlIjowLCJsb290X3RvdGFsIjowLCJhdmF0YXJfdXJsIjpudWxsLCJ1aWQiOiI2Y3dhUVRYNiIsImNyZWF0ZWRfYXQiOiIyMDIyLTA2LTE3VDAzOjA5OjQ1LjAwMFoiLCJ1cGRhdGVkX2F0IjoiMjAyMi0wNi0xN1QwMzowOTo0NS4wMDBaIiwidG9rZW5faWQiOiJiNzM5YzE3Ny05MGM4LTQ5NTctOWRhZS05ZjE2NGEwMjMzMWIiLCJpYXQiOjE2NTU0Njc3MjMsImV4cCI6MTY1NjA3MjUyM30.prpOQKEy6Zin4J2ehuYr4z_HMwLjWLD87fVptEcXawM', '{"id":"1","fullname":"Be Tai","email":"tai.ictu@gmail.com","email_verified_at":"2022-06-17T03:09:45.000Z","active":1,"sol_balance":0,"loot_total":0,"avatar_url":null,"uid":"6cwaQTX6","created_at":"2022-06-17T03:09:45.000Z","updated_at":"2022-06-17T03:09:45.000Z","token_id":"b739c177-90c8-4957-9dae-9f164a02331b"}', '2022-06-24 00:08:43'),
('75f223e5-81e7-4f99-bd2a-8988fd3b3210', 'eyJhbGciOiJIUzI1NiIsInR5cCI6IkpXVCJ9.eyJpZCI6IjEiLCJmdWxsbmFtZSI6IkJlIFRhaSIsImVtYWlsIjoidGFpLmljdHVAZ21haWwuY29tIiwiZW1haWxfdmVyaWZpZWRfYXQiOiIyMDIyLTA2LTE3VDAzOjA5OjQ1LjAwMFoiLCJhY3RpdmUiOjEsInNvbF9iYWxhbmNlIjowLCJsb290X3RvdGFsIjowLCJhdmF0YXJfdXJsIjpudWxsLCJ1aWQiOiI2Y3dhUVRYNiIsImNyZWF0ZWRfYXQiOiIyMDIyLTA2LTE3VDAzOjA5OjQ1LjAwMFoiLCJ1cGRhdGVkX2F0IjoiMjAyMi0wNi0xN1QwMzowOTo0NS4wMDBaIiwidG9rZW5faWQiOiI3NWYyMjNlNS04MWU3LTRmOTktYmQyYS04OTg4ZmQzYjMyMTAiLCJpYXQiOjE2NTU0Njc5NTYsImV4cCI6MTY1NjA3Mjc1Nn0.O_Rga5yQ0MHafibomxxyWb1xw71ZnuMhWzcgw8kYVVo', '{"id":"1","fullname":"Be Tai","email":"tai.ictu@gmail.com","email_verified_at":"2022-06-17T03:09:45.000Z","active":1,"sol_balance":0,"loot_total":0,"avatar_url":null,"uid":"6cwaQTX6","created_at":"2022-06-17T03:09:45.000Z","updated_at":"2022-06-17T03:09:45.000Z","token_id":"75f223e5-81e7-4f99-bd2a-8988fd3b3210"}', '2022-06-24 00:12:36'),
('93080f27-5922-42c8-b774-626480867379', 'eyJhbGciOiJIUzI1NiIsInR5cCI6IkpXVCJ9.eyJpZCI6IjEiLCJmdWxsbmFtZSI6IkJlIFRhaSIsImVtYWlsIjoidGFpLmljdHVAZ21haWwuY29tIiwiZW1haWxfdmVyaWZpZWRfYXQiOiIyMDIyLTA2LTE3VDAzOjA5OjQ1LjAwMFoiLCJhY3RpdmUiOjEsInNvbF9iYWxhbmNlIjowLCJsb290X3RvdGFsIjowLCJhdmF0YXJfdXJsIjpudWxsLCJ1aWQiOiI2Y3dhUVRYNiIsImNyZWF0ZWRfYXQiOiIyMDIyLTA2LTE3VDAzOjA5OjQ1LjAwMFoiLCJ1cGRhdGVkX2F0IjoiMjAyMi0wNi0xN1QwMzowOTo0NS4wMDBaIiwidG9rZW5faWQiOiI5MzA4MGYyNy01OTIyLTQyYzgtYjc3NC02MjY0ODA4NjczNzkiLCJpYXQiOjE2NTU0NjgwNTYsImV4cCI6MTY1NjA3Mjg1Nn0.pJfMQFV-TdQtt7w_IGNsezlWN5WXV8uQHMSX0ss_NTg', '{"id":"1","fullname":"Be Tai","email":"tai.ictu@gmail.com","email_verified_at":"2022-06-17T03:09:45.000Z","active":1,"sol_balance":0,"loot_total":0,"avatar_url":null,"uid":"6cwaQTX6","created_at":"2022-06-17T03:09:45.000Z","updated_at":"2022-06-17T03:09:45.000Z","token_id":"93080f27-5922-42c8-b774-626480867379"}', '2022-06-24 00:14:16'),
('af905d3e-1f1c-433a-9f93-b093d33c2ad4', 'eyJhbGciOiJIUzI1NiIsInR5cCI6IkpXVCJ9.eyJpZCI6IjEiLCJmdWxsbmFtZSI6IkJlIFRhaSIsImVtYWlsIjoidGFpLmljdHVAZ21haWwuY29tIiwiZW1haWxfdmVyaWZpZWRfYXQiOiIyMDIyLTA2LTE3VDAzOjA5OjQ1LjAwMFoiLCJhY3RpdmUiOjEsInNvbF9iYWxhbmNlIjowLCJsb290X3RvdGFsIjowLCJhdmF0YXJfdXJsIjpudWxsLCJ1aWQiOiI2Y3dhUVRYNiIsImNyZWF0ZWRfYXQiOiIyMDIyLTA2LTE3VDAzOjA5OjQ1LjAwMFoiLCJ1cGRhdGVkX2F0IjoiMjAyMi0wNi0xN1QwMzowOTo0NS4wMDBaIiwidG9rZW5faWQiOiJhZjkwNWQzZS0xZjFjLTQzM2EtOWY5My1iMDkzZDMzYzJhZDQiLCJpYXQiOjE2NTU0NjgyMDMsImV4cCI6MTY1NjA3MzAwM30.9SFAkGp-52OKOWbTzFtE5sTrz0bU9qBCGCVdejkcgx0', '{"id":"1","fullname":"Be Tai","email":"tai.ictu@gmail.com","email_verified_at":"2022-06-17T03:09:45.000Z","active":1,"sol_balance":0,"loot_total":0,"avatar_url":null,"uid":"6cwaQTX6","created_at":"2022-06-17T03:09:45.000Z","updated_at":"2022-06-17T03:09:45.000Z","token_id":"af905d3e-1f1c-433a-9f93-b093d33c2ad4"}', '2022-06-24 00:16:43'),
('3b489fe4-1091-47b8-b05d-b25643eff9f1', 'eyJhbGciOiJIUzI1NiIsInR5cCI6IkpXVCJ9.eyJpZCI6IjEiLCJmdWxsbmFtZSI6IkJlIFRhaSIsImVtYWlsIjoidGFpLmljdHVAZ21haWwuY29tIiwiZW1haWxfdmVyaWZpZWRfYXQiOiIyMDIyLTA2LTE3VDAzOjA5OjQ1LjAwMFoiLCJhY3RpdmUiOjEsInNvbF9iYWxhbmNlIjowLCJsb290X3RvdGFsIjowLCJhdmF0YXJfdXJsIjpudWxsLCJ1aWQiOiI2Y3dhUVRYNiIsImNyZWF0ZWRfYXQiOiIyMDIyLTA2LTE3VDAzOjA5OjQ1LjAwMFoiLCJ1cGRhdGVkX2F0IjoiMjAyMi0wNi0xN1QwMzowOTo0NS4wMDBaIiwidG9rZW5faWQiOiIzYjQ4OWZlNC0xMDkxLTQ3YjgtYjA1ZC1iMjU2NDNlZmY5ZjEiLCJpYXQiOjE2NTU0NjgyMjAsImV4cCI6MTY1NjA3MzAyMH0.2wZoz9q-sY8JQQPgcAiL4cetrnMQaK6jwbOdfLUTWPE', '{"id":"1","fullname":"Be Tai","email":"tai.ictu@gmail.com","email_verified_at":"2022-06-17T03:09:45.000Z","active":1,"sol_balance":0,"loot_total":0,"avatar_url":null,"uid":"6cwaQTX6","created_at":"2022-06-17T03:09:45.000Z","updated_at":"2022-06-17T03:09:45.000Z","token_id":"3b489fe4-1091-47b8-b05d-b25643eff9f1"}', '2022-06-24 00:17:00'),
('cb9b0995-573e-4716-92a7-6d49e466bf90', 'eyJhbGciOiJIUzI1NiIsInR5cCI6IkpXVCJ9.eyJpZCI6IjEiLCJmdWxsbmFtZSI6IkJlIFRhaSIsImVtYWlsIjoidGFpLmljdHVAZ21haWwuY29tIiwiZW1haWxfdmVyaWZpZWRfYXQiOiIyMDIyLTA2LTE3VDAzOjA5OjQ1LjAwMFoiLCJhY3RpdmUiOjEsInNvbF9iYWxhbmNlIjowLCJsb290X3RvdGFsIjowLCJhdmF0YXJfdXJsIjpudWxsLCJ1aWQiOiI2Y3dhUVRYNiIsImNyZWF0ZWRfYXQiOiIyMDIyLTA2LTE3VDAzOjA5OjQ1LjAwMFoiLCJ1cGRhdGVkX2F0IjoiMjAyMi0wNi0xN1QwMzowOTo0NS4wMDBaIiwidG9rZW5faWQiOiJjYjliMDk5NS01NzNlLTQ3MTYtOTJhNy02ZDQ5ZTQ2NmJmOTAiLCJpYXQiOjE2NTU0NjgzNzEsImV4cCI6MTY1NjA3MzE3MX0.mu-NQFmln8tOmmBks-vE94SYP6Q-Elm77ecB00JY4As', '{"id":"1","fullname":"Be Tai","email":"tai.ictu@gmail.com","email_verified_at":"2022-06-17T03:09:45.000Z","active":1,"sol_balance":0,"loot_total":0,"avatar_url":null,"uid":"6cwaQTX6","created_at":"2022-06-17T03:09:45.000Z","updated_at":"2022-06-17T03:09:45.000Z","token_id":"cb9b0995-573e-4716-92a7-6d49e466bf90"}', '2022-06-24 00:19:31'),
('25bc2c09-ec96-4f0c-a218-79ff7c1980f6', 'eyJhbGciOiJIUzI1NiIsInR5cCI6IkpXVCJ9.eyJpZCI6IjEiLCJmdWxsbmFtZSI6IkJlIFRhaSIsImVtYWlsIjoidGFpLmljdHVAZ21haWwuY29tIiwiZW1haWxfdmVyaWZpZWRfYXQiOiIyMDIyLTA2LTE3VDAzOjA5OjQ1LjAwMFoiLCJhY3RpdmUiOjEsInNvbF9iYWxhbmNlIjowLCJsb290X3RvdGFsIjowLCJhdmF0YXJfdXJsIjpudWxsLCJ1aWQiOiI2Y3dhUVRYNiIsImNyZWF0ZWRfYXQiOiIyMDIyLTA2LTE3VDAzOjA5OjQ1LjAwMFoiLCJ1cGRhdGVkX2F0IjoiMjAyMi0wNi0xN1QwMzowOTo0NS4wMDBaIiwidG9rZW5faWQiOiIyNWJjMmMwOS1lYzk2LTRmMGMtYTIxOC03OWZmN2MxOTgwZjYiLCJpYXQiOjE2NTU0NjgzNzksImV4cCI6MTY1NjA3MzE3OX0.JCg8ZUU3QfHa9qhjXWAWNPuDsxmi4lxZLh88X2fkOkU', '{"id":"1","fullname":"Be Tai","email":"tai.ictu@gmail.com","email_verified_at":"2022-06-17T03:09:45.000Z","active":1,"sol_balance":0,"loot_total":0,"avatar_url":null,"uid":"6cwaQTX6","created_at":"2022-06-17T03:09:45.000Z","updated_at":"2022-06-17T03:09:45.000Z","token_id":"25bc2c09-ec96-4f0c-a218-79ff7c1980f6"}', '2022-06-24 00:19:39'),
('82361d88-eb15-418e-a7d1-b139d2730b56', 'eyJhbGciOiJIUzI1NiIsInR5cCI6IkpXVCJ9.eyJpZCI6IjEiLCJmdWxsbmFtZSI6IkJlIFRhaSIsImVtYWlsIjoidGFpLmljdHVAZ21haWwuY29tIiwiZW1haWxfdmVyaWZpZWRfYXQiOiIyMDIyLTA2LTE3VDAzOjA5OjQ1LjAwMFoiLCJhY3RpdmUiOjEsInNvbF9iYWxhbmNlIjowLCJsb290X3RvdGFsIjowLCJhdmF0YXJfdXJsIjpudWxsLCJ1aWQiOiI2Y3dhUVRYNiIsImNyZWF0ZWRfYXQiOiIyMDIyLTA2LTE3VDAzOjA5OjQ1LjAwMFoiLCJ1cGRhdGVkX2F0IjoiMjAyMi0wNi0xN1QwMzowOTo0NS4wMDBaIiwidG9rZW5faWQiOiI4MjM2MWQ4OC1lYjE1LTQxOGUtYTdkMS1iMTM5ZDI3MzBiNTYiLCJpYXQiOjE2NTU0Njg2NjYsImV4cCI6MTY1NjA3MzQ2Nn0.KP-7RjV8CYtNMGe7bOwWiefzkoGAm6SeuGiICgZmqNc', '{"id":"1","fullname":"Be Tai","email":"tai.ictu@gmail.com","email_verified_at":"2022-06-17T03:09:45.000Z","active":1,"sol_balance":0,"loot_total":0,"avatar_url":null,"uid":"6cwaQTX6","created_at":"2022-06-17T03:09:45.000Z","updated_at":"2022-06-17T03:09:45.000Z","token_id":"82361d88-eb15-418e-a7d1-b139d2730b56"}', '2022-06-24 00:24:26'),
('53924781-64a2-4b94-82c6-50a547151b3f', 'eyJhbGciOiJIUzI1NiIsInR5cCI6IkpXVCJ9.eyJpZCI6IjEiLCJmdWxsbmFtZSI6IkJlIFRhaSIsImVtYWlsIjoidGFpLmljdHVAZ21haWwuY29tIiwiZW1haWxfdmVyaWZpZWRfYXQiOiIyMDIyLTA2LTE3VDAzOjA5OjQ1LjAwMFoiLCJhY3RpdmUiOjEsInNvbF9iYWxhbmNlIjowLCJsb290X3RvdGFsIjowLCJhdmF0YXJfdXJsIjpudWxsLCJ1aWQiOiI2Y3dhUVRYNiIsImNyZWF0ZWRfYXQiOiIyMDIyLTA2LTE3VDAzOjA5OjQ1LjAwMFoiLCJ1cGRhdGVkX2F0IjoiMjAyMi0wNi0xN1QwMzowOTo0NS4wMDBaIiwidG9rZW5faWQiOiI1MzkyNDc4MS02NGEyLTRiOTQtODJjNi01MGE1NDcxNTFiM2YiLCJpYXQiOjE2NTU0Njg4MDIsImV4cCI6MTY1NjA3MzYwMn0.tLz-BROfbGmlMdEfjDJIM_qbif7TZnVa1hgCEabYlWU', '{"id":"1","fullname":"Be Tai","email":"tai.ictu@gmail.com","email_verified_at":"2022-06-17T03:09:45.000Z","active":1,"sol_balance":0,"loot_total":0,"avatar_url":null,"uid":"6cwaQTX6","created_at":"2022-06-17T03:09:45.000Z","updated_at":"2022-06-17T03:09:45.000Z","token_id":"53924781-64a2-4b94-82c6-50a547151b3f"}', '2022-06-24 00:26:42'),
('69af2ddb-7cda-4484-8d83-dcd6bf94e886', 'eyJhbGciOiJIUzI1NiIsInR5cCI6IkpXVCJ9.eyJpZCI6IjEiLCJmdWxsbmFtZSI6IkJlIFRhaSIsIndhbGxldF9hZGRyZXNzIjoiNmN3YVFUWDZGcHVyVXp5YlhRWFc4S2l6WWZvQnlmYmpIS1o5ZkJ1anFrU0siLCJlbWFpbCI6InRhaS5pY3R1QGdtYWlsLmNvbSIsImVtYWlsX3ZlcmlmaWVkX2F0IjoiMjAyMi0wNi0xN1QwMzowOTo0NS4wMDBaIiwiYWN0aXZlIjoxLCJzb2xfYmFsYW5jZSI6MCwibG9vdF90b3RhbCI6MCwiYXZhdGFyX3VybCI6bnVsbCwidWlkIjoiNmN3YVFUWDYiLCJjcmVhdGVkX2F0IjoiMjAyMi0wNi0xN1QwMzowOTo0NS4wMDBaIiwidXBkYXRlZF9hdCI6IjIwMjItMDYtMTdUMDM6MDk6NDUuMDAwWiIsInRva2VuX2lkIjoiNjlhZjJkZGItN2NkYS00NDg0LThkODMtZGNkNmJmOTRlODg2IiwiaWF0IjoxNjU1NDY5MTc0LCJleHAiOjE2NTYwNzM5NzR9.x4j4OPgMETixwlPSYZf1xfw-nUvsO_QOTnBTmwb3hBk', '{"id":"1","fullname":"Be Tai","wallet_address":"6cwaQTX6FpurUzybXQXW8KizYfoByfbjHKZ9fBujqkSK","email":"tai.ictu@gmail.com","email_verified_at":"2022-06-17T03:09:45.000Z","active":1,"sol_balance":0,"loot_total":0,"avatar_url":null,"uid":"6cwaQTX6","created_at":"2022-06-17T03:09:45.000Z","updated_at":"2022-06-17T03:09:45.000Z","token_id":"69af2ddb-7cda-4484-8d83-dcd6bf94e886"}', '2022-06-24 00:32:54'),
('552ec7c2-0625-4f88-a595-33532ba3b753', 'eyJhbGciOiJIUzI1NiIsInR5cCI6IkpXVCJ9.eyJpZCI6IjEiLCJmdWxsbmFtZSI6IkJlIFRhaSIsIndhbGxldF9hZGRyZXNzIjoiNmN3YVFUWDZGcHVyVXp5YlhRWFc4S2l6WWZvQnlmYmpIS1o5ZkJ1anFrU0siLCJlbWFpbCI6InRhaS5pY3R1QGdtYWlsLmNvbSIsImVtYWlsX3ZlcmlmaWVkX2F0IjoiMjAyMi0wNi0xN1QwMzowOTo0NS4wMDBaIiwiYWN0aXZlIjoxLCJzb2xfYmFsYW5jZSI6MCwibG9vdF90b3RhbCI6MCwiYXZhdGFyX3VybCI6bnVsbCwidWlkIjoiNmN3YVFUWDYiLCJjcmVhdGVkX2F0IjoiMjAyMi0wNi0xN1QwMzowOTo0NS4wMDBaIiwidXBkYXRlZF9hdCI6IjIwMjItMDYtMTdUMDM6MDk6NDUuMDAwWiIsInRva2VuX2lkIjoiNTUyZWM3YzItMDYyNS00Zjg4LWE1OTUtMzM1MzJiYTNiNzUzIiwiaWF0IjoxNjU1NjI5NjYxLCJleHAiOjE2NTYyMzQ0NjF9.OYjRA58LFcLY9KGPQ6_OP_QHsJtrylQGs4rBKXU5OMA', '{"id":"1","fullname":"Be Tai","wallet_address":"6cwaQTX6FpurUzybXQXW8KizYfoByfbjHKZ9fBujqkSK","email":"tai.ictu@gmail.com","email_verified_at":"2022-06-17T03:09:45.000Z","active":1,"sol_balance":0,"loot_total":0,"avatar_url":null,"uid":"6cwaQTX6","created_at":"2022-06-17T03:09:45.000Z","updated_at":"2022-06-17T03:09:45.000Z","token_id":"552ec7c2-0625-4f88-a595-33532ba3b753"}', '2022-06-25 21:07:41'),
('69056e31-d5b7-4abf-8317-a189586d45d5', 'eyJhbGciOiJIUzI1NiIsInR5cCI6IkpXVCJ9.eyJpZCI6IjEiLCJmdWxsbmFtZSI6IkJlIFRhaSIsIndhbGxldF9hZGRyZXNzIjoiNmN3YVFUWDZGcHVyVXp5YlhRWFc4S2l6WWZvQnlmYmpIS1o5ZkJ1anFrU0siLCJlbWFpbCI6InRhaS5pY3R1QGdtYWlsLmNvbSIsImVtYWlsX3ZlcmlmaWVkX2F0IjoiMjAyMi0wNi0xN1QwMzowOTo0NS4wMDBaIiwiYWN0aXZlIjoxLCJzb2xfYmFsYW5jZSI6MCwibG9vdF90b3RhbCI6MCwiYXZhdGFyX3VybCI6bnVsbCwidWlkIjoiNmN3YVFUWDYiLCJjcmVhdGVkX2F0IjoiMjAyMi0wNi0xN1QwMzowOTo0NS4wMDBaIiwidXBkYXRlZF9hdCI6IjIwMjItMDYtMTdUMDM6MDk6NDUuMDAwWiIsInRva2VuX2lkIjoiNjkwNTZlMzEtZDViNy00YWJmLTgzMTctYTE4OTU4NmQ0NWQ1IiwiaWF0IjoxNjU1NjMwOTMzLCJleHAiOjE2NTYyMzU3MzN9.u3OmuJa8KJp9NgGMuUgxiwAsBOXEg9rFip31aC_W9JU', '{"id":"1","fullname":"Be Tai","wallet_address":"6cwaQTX6FpurUzybXQXW8KizYfoByfbjHKZ9fBujqkSK","email":"tai.ictu@gmail.com","email_verified_at":"2022-06-17T03:09:45.000Z","active":1,"sol_balance":0,"loot_total":0,"avatar_url":null,"uid":"6cwaQTX6","created_at":"2022-06-17T03:09:45.000Z","updated_at":"2022-06-17T03:09:45.000Z","token_id":"69056e31-d5b7-4abf-8317-a189586d45d5"}', '2022-06-25 21:28:53'),
('fe6bd13b-7f2f-4ca4-a8b7-2c86a3f46e5d', 'eyJhbGciOiJIUzI1NiIsInR5cCI6IkpXVCJ9.eyJpZCI6IjEiLCJmdWxsbmFtZSI6IkJlIFRhaSIsIndhbGxldF9hZGRyZXNzIjoiNmN3YVFUWDZGcHVyVXp5YlhRWFc4S2l6WWZvQnlmYmpIS1o5ZkJ1anFrU0siLCJlbWFpbCI6InRhaS5pY3R1QGdtYWlsLmNvbSIsImVtYWlsX3ZlcmlmaWVkX2F0IjoiMjAyMi0wNi0xN1QwMzowOTo0NS4wMDBaIiwiYWN0aXZlIjoxLCJzb2xfYmFsYW5jZSI6MCwidG90YWxfbG9vdCI6MCwidG90YWxfbG9vdF93b24iOjAsImxvb3NlX2xvb3N0IjowLCJhdmF0YXJfdXJsIjpudWxsLCJ1aWQiOiI2Y3dhUVRYIiwiY3JlYXRlZF9hdCI6IjIwMjItMDYtMjBUMDM6MjA6NTkuMDAwWiIsInVwZGF0ZWRfYXQiOiIyMDIyLTA2LTIwVDAzOjIwOjU5LjAwMFoiLCJ0b2tlbl9pZCI6ImZlNmJkMTNiLTdmMmYtNGNhNC1hOGI3LTJjODZhM2Y0NmU1ZCIsImlhdCI6MTY1NTc0MTAzNCwiZXhwIjoxNjU2MzQ1ODM0fQ.k2mJq-os5p71wYFq6sar2z85YJbQWDlLm0j5L3h230E', '{"id":"1","fullname":"Be Tai","wallet_address":"6cwaQTX6FpurUzybXQXW8KizYfoByfbjHKZ9fBujqkSK","email":"tai.ictu@gmail.com","email_verified_at":"2022-06-17T03:09:45.000Z","active":1,"sol_balance":0,"total_loot":0,"total_loot_won":0,"loose_loost":0,"avatar_url":null,"uid":"6cwaQTX","created_at":"2022-06-20T03:20:59.000Z","updated_at":"2022-06-20T03:20:59.000Z","token_id":"fe6bd13b-7f2f-4ca4-a8b7-2c86a3f46e5d"}', '2022-06-27 04:03:54'),
('73e5a07e-960e-4fa9-b440-2b7a50abf58c', 'eyJhbGciOiJIUzI1NiIsInR5cCI6IkpXVCJ9.eyJpZCI6IjEiLCJmdWxsbmFtZSI6IkJlIFRhaSIsIndhbGxldF9hZGRyZXNzIjoiNmN3YVFUWDZGcHVyVXp5YlhRWFc4S2l6WWZvQnlmYmpIS1o5ZkJ1anFrU0siLCJlbWFpbCI6InRhaS5pY3R1QGdtYWlsLmNvbSIsImVtYWlsX3ZlcmlmaWVkX2F0IjoiMjAyMi0wNi0xN1QwMzowOTo0NS4wMDBaIiwiYWN0aXZlIjoxLCJzb2xfYmFsYW5jZSI6MCwidG90YWxfbG9vdCI6MCwidG90YWxfbG9vdF93b24iOjAsImxvb3NlX2xvb3N0IjowLCJhdmF0YXJfdXJsIjpudWxsLCJ1aWQiOiI2Y3dhUVRYIiwiY3JlYXRlZF9hdCI6IjIwMjItMDYtMjBUMDM6MjA6NTkuMDAwWiIsInVwZGF0ZWRfYXQiOiIyMDIyLTA2LTIwVDAzOjIwOjU5LjAwMFoiLCJ0b2tlbl9pZCI6IjczZTVhMDdlLTk2MGUtNGZhOS1iNDQwLTJiN2E1MGFiZjU4YyIsImlhdCI6MTY1NTg4MTc5OCwiZXhwIjoxNjU2NDg2NTk4fQ.-yL4tBCcvY-m3BMWjSLoyHcF4CSsK9ejrC5ZfZyR0c4', '{"id":"1","fullname":"Be Tai","wallet_address":"6cwaQTX6FpurUzybXQXW8KizYfoByfbjHKZ9fBujqkSK","email":"tai.ictu@gmail.com","email_verified_at":"2022-06-17T03:09:45.000Z","active":1,"sol_balance":0,"total_loot":0,"total_loot_won":0,"loose_loost":0,"avatar_url":null,"uid":"6cwaQTX","created_at":"2022-06-20T03:20:59.000Z","updated_at":"2022-06-20T03:20:59.000Z","token_id":"73e5a07e-960e-4fa9-b440-2b7a50abf58c"}', '2022-06-28 19:09:58'),
('8462c350-e52c-4b61-b8f0-fa4b1e4394a6', 'eyJhbGciOiJIUzI1NiIsInR5cCI6IkpXVCJ9.eyJpZCI6IjEiLCJmdWxsbmFtZSI6IkJlIFRhaSIsIndhbGxldF9hZGRyZXNzIjoiNmN3YVFUWDZGcHVyVXp5YlhRWFc4S2l6WWZvQnlmYmpIS1o5ZkJ1anFrU0siLCJlbWFpbCI6InRhaS5pY3R1QGdtYWlsLmNvbSIsImVtYWlsX3ZlcmlmaWVkX2F0IjoiMjAyMi0wNi0xN1QwMzowOTo0NS4wMDBaIiwiYWN0aXZlIjoxLCJzb2xfYmFsYW5jZSI6MTAwMDAsInRvdGFsX2xvb3QiOjAsInRvdGFsX2xvb3Rfd29uIjowLCJsb29zZV9sb29zdCI6MCwiYXZhdGFyX3VybCI6bnVsbCwidWlkIjoiNmN3YVFUWCIsImNyZWF0ZWRfYXQiOiIyMDIyLTA2LTIwVDAzOjIwOjU5LjAwMFoiLCJ1cGRhdGVkX2F0IjoiMjAyMi0wNi0yMFQwMzoyMDo1OS4wMDBaIiwidG9rZW5faWQiOiI4NDYyYzM1MC1lNTJjLTRiNjEtYjhmMC1mYTRiMWU0Mzk0YTYiLCJpYXQiOjE2NTU5ODE4ODQsImV4cCI6MTY1NjU4NjY4NH0.xQCO8nDv1cbIrKX7Nxj-ImuZ9umYuJVNZcodRcHp858', '{"id":"1","fullname":"Be Tai","wallet_address":"6cwaQTX6FpurUzybXQXW8KizYfoByfbjHKZ9fBujqkSK","email":"tai.ictu@gmail.com","email_verified_at":"2022-06-17T03:09:45.000Z","active":1,"sol_balance":10000,"total_loot":0,"total_loot_won":0,"loose_loost":0,"avatar_url":null,"uid":"6cwaQTX","created_at":"2022-06-20T03:20:59.000Z","updated_at":"2022-06-20T03:20:59.000Z","token_id":"8462c350-e52c-4b61-b8f0-fa4b1e4394a6"}', '2022-06-29 22:58:04'),
('bacfaae7-899f-4d4a-a5ad-f73c1b110d1a', 'eyJhbGciOiJIUzI1NiIsInR5cCI6IkpXVCJ9.eyJpZCI6IjEiLCJmdWxsbmFtZSI6IkJlIFRhaSIsIndhbGxldF9hZGRyZXNzIjoiNmN3YVFUWDZGcHVyVXp5YlhRWFc4S2l6WWZvQnlmYmpIS1o5ZkJ1anFrU0siLCJlbWFpbCI6InRhaS5pY3R1QGdtYWlsLmNvbSIsImVtYWlsX3ZlcmlmaWVkX2F0IjoiMjAyMi0wNi0xN1QwMzowOTo0NS4wMDBaIiwiYWN0aXZlIjoxLCJzb2xfYmFsYW5jZSI6MCwidG90YWxfbG9vdCI6MCwidG90YWxfbG9vdF93b24iOjAsImxvb3NlX2xvb3N0IjowLCJhdmF0YXJfdXJsIjpudWxsLCJ1aWQiOiI2Y3dhUVRYIiwiY3JlYXRlZF9hdCI6IjIwMjItMDYtMjBUMDM6MjA6NTkuMDAwWiIsInVwZGF0ZWRfYXQiOiIyMDIyLTA2LTIwVDAzOjIwOjU5LjAwMFoiLCJ0b2tlbl9pZCI6ImJhY2ZhYWU3LTg5OWYtNGQ0YS1hNWFkLWY3M2MxYjExMGQxYSIsImlhdCI6MTY1NjA1NjI1OSwiZXhwIjoxNjU2NjYxMDU5fQ.FnZtE3VqSYVrp7hdVOx7hvk0kqEzY2y2FYoyoeQRuKU', '{"id":"1","fullname":"Be Tai","wallet_address":"6cwaQTX6FpurUzybXQXW8KizYfoByfbjHKZ9fBujqkSK","email":"tai.ictu@gmail.com","email_verified_at":"2022-06-17T03:09:45.000Z","active":1,"sol_balance":0,"total_loot":0,"total_loot_won":0,"loose_loost":0,"avatar_url":null,"uid":"6cwaQTX","created_at":"2022-06-20T03:20:59.000Z","updated_at":"2022-06-20T03:20:59.000Z","token_id":"bacfaae7-899f-4d4a-a5ad-f73c1b110d1a"}', '2022-06-30 19:37:39'),
('e35f5a30-28a9-49f3-80a1-5f7f6114b9fa', 'eyJhbGciOiJIUzI1NiIsInR5cCI6IkpXVCJ9.eyJpZCI6IjEiLCJmdWxsbmFtZSI6IkJlIFRhaSIsIndhbGxldF9hZGRyZXNzIjoiNmN3YVFUWDZGcHVyVXp5YlhRWFc4S2l6WWZvQnlmYmpIS1o5ZkJ1anFrU0siLCJlbWFpbCI6InRhaS5pY3R1QGdtYWlsLmNvbSIsImVtYWlsX3ZlcmlmaWVkX2F0IjoiMjAyMi0wNi0xN1QwMzowOTo0NS4wMDBaIiwiYWN0aXZlIjoxLCJzb2xfYmFsYW5jZSI6MCwidG90YWxfbG9vdCI6MCwidG90YWxfbG9vdF93b24iOjAsImxvb3NlX2xvb3N0IjowLCJhdmF0YXJfdXJsIjpudWxsLCJ1aWQiOiI2Y3dhUVRYIiwiY3JlYXRlZF9hdCI6IjIwMjItMDYtMjBUMDM6MjA6NTkuMDAwWiIsInVwZGF0ZWRfYXQiOiIyMDIyLTA2LTIwVDAzOjIwOjU5LjAwMFoiLCJ0b2tlbl9pZCI6ImUzNWY1YTMwLTI4YTktNDlmMy04MGExLTVmN2Y2MTE0YjlmYSIsImlhdCI6MTY1NjA1NjMwNywiZXhwIjoxNjU2NjYxMTA3fQ._TSt9gAkXWQWJyDclved2-hiMtdEPfQpQfN2KJVDPFk', '{"id":"1","fullname":"Be Tai","wallet_address":"6cwaQTX6FpurUzybXQXW8KizYfoByfbjHKZ9fBujqkSK","email":"tai.ictu@gmail.com","email_verified_at":"2022-06-17T03:09:45.000Z","active":1,"sol_balance":0,"total_loot":0,"total_loot_won":0,"loose_loost":0,"avatar_url":null,"uid":"6cwaQTX","created_at":"2022-06-20T03:20:59.000Z","updated_at":"2022-06-20T03:20:59.000Z","token_id":"e35f5a30-28a9-49f3-80a1-5f7f6114b9fa"}', '2022-06-30 19:38:27'),
('08e62c57-e8f5-49b0-bc16-31a80ff61a8d', 'eyJhbGciOiJIUzI1NiIsInR5cCI6IkpXVCJ9.eyJpZCI6IjEiLCJmdWxsbmFtZSI6IkJlIFRhaSIsIndhbGxldF9hZGRyZXNzIjoiNmN3YVFUWDZGcHVyVXp5YlhRWFc4S2l6WWZvQnlmYmpIS1o5ZkJ1anFrU0siLCJlbWFpbCI6InRhaS5pY3R1QGdtYWlsLmNvbSIsImVtYWlsX3ZlcmlmaWVkX2F0IjoiMjAyMi0wNi0xN1QwMzowOTo0NS4wMDBaIiwiYWN0aXZlIjoxLCJzb2xfYmFsYW5jZSI6MCwidG90YWxfbG9vdCI6MCwidG90YWxfbG9vdF93b24iOjAsImxvb3NlX2xvb3N0IjowLCJhdmF0YXJfdXJsIjpudWxsLCJ1aWQiOiI2Y3dhUVRYIiwiY3JlYXRlZF9hdCI6IjIwMjItMDYtMjBUMDM6MjA6NTkuMDAwWiIsInVwZGF0ZWRfYXQiOiIyMDIyLTA2LTIwVDAzOjIwOjU5LjAwMFoiLCJ0b2tlbl9pZCI6IjA4ZTYyYzU3LWU4ZjUtNDliMC1iYzE2LTMxYTgwZmY2MWE4ZCIsImlhdCI6MTY1NjA1Njg5NiwiZXhwIjoxNjU2NjYxNjk2fQ.5O6tZrwMiVec-v1OPhn6OghXWI1yir4vBAmjAhy_K3Q', '{"id":"1","fullname":"Be Tai","wallet_address":"6cwaQTX6FpurUzybXQXW8KizYfoByfbjHKZ9fBujqkSK","email":"tai.ictu@gmail.com","email_verified_at":"2022-06-17T03:09:45.000Z","active":1,"sol_balance":0,"total_loot":0,"total_loot_won":0,"loose_loost":0,"avatar_url":null,"uid":"6cwaQTX","created_at":"2022-06-20T03:20:59.000Z","updated_at":"2022-06-20T03:20:59.000Z","token_id":"08e62c57-e8f5-49b0-bc16-31a80ff61a8d"}', '2022-06-30 19:48:16'),
('d2bdfefc-e924-456d-bafb-ebeabb6f4ce1', 'eyJhbGciOiJIUzI1NiIsInR5cCI6IkpXVCJ9.eyJpZCI6IjEiLCJmdWxsbmFtZSI6IkJlIFRhaSIsIndhbGxldF9hZGRyZXNzIjoiNmN3YVFUWDZGcHVyVXp5YlhRWFc4S2l6WWZvQnlmYmpIS1o5ZkJ1anFrU0siLCJlbWFpbCI6InRhaS5pY3R1QGdtYWlsLmNvbSIsImVtYWlsX3ZlcmlmaWVkX2F0IjoiMjAyMi0wNi0xN1QwMzowOTo0NS4wMDBaIiwiYWN0aXZlIjoxLCJzb2xfYmFsYW5jZSI6MCwidG90YWxfbG9vdCI6MCwidG90YWxfbG9vdF93b24iOjAsImxvb3NlX2xvb3N0IjowLCJhdmF0YXJfdXJsIjpudWxsLCJ1aWQiOiI2Y3dhUVRYIiwiY3JlYXRlZF9hdCI6IjIwMjItMDYtMjBUMDM6MjA6NTkuMDAwWiIsInVwZGF0ZWRfYXQiOiIyMDIyLTA2LTIwVDAzOjIwOjU5LjAwMFoiLCJ0b2tlbl9pZCI6ImQyYmRmZWZjLWU5MjQtNDU2ZC1iYWZiLWViZWFiYjZmNGNlMSIsImlhdCI6MTY1NjA1NzA3NSwiZXhwIjoxNjU2NjYxODc1fQ.ZtHoqSos2UQSuN29yRvyR2cVooE4dBjH9jCY98mhAf8', '{"id":"1","fullname":"Be Tai","wallet_address":"6cwaQTX6FpurUzybXQXW8KizYfoByfbjHKZ9fBujqkSK","email":"tai.ictu@gmail.com","email_verified_at":"2022-06-17T03:09:45.000Z","active":1,"sol_balance":0,"total_loot":0,"total_loot_won":0,"loose_loost":0,"avatar_url":null,"uid":"6cwaQTX","created_at":"2022-06-20T03:20:59.000Z","updated_at":"2022-06-20T03:20:59.000Z","token_id":"d2bdfefc-e924-456d-bafb-ebeabb6f4ce1"}', '2022-06-30 19:51:15'),
('deaa9523-f372-4cc2-9d22-c51e860be8dd', 'eyJhbGciOiJIUzI1NiIsInR5cCI6IkpXVCJ9.eyJpZCI6IjEiLCJmdWxsbmFtZSI6IkJlIFRhaSIsIndhbGxldF9hZGRyZXNzIjoiNmN3YVFUWDZGcHVyVXp5YlhRWFc4S2l6WWZvQnlmYmpIS1o5ZkJ1anFrU0siLCJlbWFpbCI6InRhaS5pY3R1QGdtYWlsLmNvbSIsImVtYWlsX3ZlcmlmaWVkX2F0IjoiMjAyMi0wNi0xN1QwMzowOTo0NS4wMDBaIiwiYWN0aXZlIjoxLCJzb2xfYmFsYW5jZSI6MCwidG90YWxfbG9vdCI6MCwidG90YWxfbG9vdF93b24iOjAsImxvb3NlX2xvb3N0IjowLCJhdmF0YXJfdXJsIjpudWxsLCJ1aWQiOiI2Y3dhUVRYIiwiY3JlYXRlZF9hdCI6IjIwMjItMDYtMjBUMDM6MjA6NTkuMDAwWiIsInVwZGF0ZWRfYXQiOiIyMDIyLTA2LTIwVDAzOjIwOjU5LjAwMFoiLCJ0b2tlbl9pZCI6ImRlYWE5NTIzLWYzNzItNGNjMi05ZDIyLWM1MWU4NjBiZThkZCIsImlhdCI6MTY1NjA1NzEwMywiZXhwIjoxNjU2NjYxOTAzfQ.S8o1IBv4LzNpAcmEDOh1VJQAPZo9hI-1fMjX_Xr723I', '{"id":"1","fullname":"Be Tai","wallet_address":"6cwaQTX6FpurUzybXQXW8KizYfoByfbjHKZ9fBujqkSK","email":"tai.ictu@gmail.com","email_verified_at":"2022-06-17T03:09:45.000Z","active":1,"sol_balance":0,"total_loot":0,"total_loot_won":0,"loose_loost":0,"avatar_url":null,"uid":"6cwaQTX","created_at":"2022-06-20T03:20:59.000Z","updated_at":"2022-06-20T03:20:59.000Z","token_id":"deaa9523-f372-4cc2-9d22-c51e860be8dd"}', '2022-06-30 19:51:43'),
('bc94e457-07b5-4205-9f11-3552db6495ea', 'eyJhbGciOiJIUzI1NiIsInR5cCI6IkpXVCJ9.eyJpZCI6IjMiLCJmdWxsbmFtZSI6IlR1YW4gTWluaCIsIndhbGxldF9hZGRyZXNzIjoiSFBQcTF5Vng2N2JUajZzNWhZYUVKY1Y2OUEzODRmMmJMeG5IaHZmckFhc1AiLCJlbWFpbCI6ImNhdWhhaWJnQGdtYWlsLmNvbSIsImVtYWlsX3ZlcmlmaWVkX2F0IjoiMjAyMi0wNi0xN1QwMzowOTo0NS4wMDBaIiwiYWN0aXZlIjoxLCJzb2xfYmFsYW5jZSI6MCwidG90YWxfbG9vdCI6MCwidG90YWxfbG9vdF93b24iOjAsImxvb3NlX2xvb3N0IjowLCJhdmF0YXJfdXJsIjpudWxsLCJ1aWQiOiJIUFBxMXkiLCJjcmVhdGVkX2F0IjoiMjAyMi0wNi0yMFQwMzoyMDo1OS4wMDBaIiwidXBkYXRlZF9hdCI6IjIwMjItMDYtMjBUMDM6MjA6NTkuMDAwWiIsInRva2VuX2lkIjoiYmM5NGU0NTctMDdiNS00MjA1LTlmMTEtMzU1MmRiNjQ5NWVhIiwiaWF0IjoxNjU2MDYyMjY2LCJleHAiOjE2NTY2NjcwNjZ9.TzwNhyjHQLJEVUlGLmEIuyv_6Si-rIQ5rCQdC6ZrTkY', '{"id":"3","fullname":"Tuan Minh","wallet_address":"HPPq1yVx67bTj6s5hYaEJcV69A384f2bLxnHhvfrAasP","email":"cauhaibg@gmail.com","email_verified_at":"2022-06-17T03:09:45.000Z","active":1,"sol_balance":0,"total_loot":0,"total_loot_won":0,"loose_loost":0,"avatar_url":null,"uid":"HPPq1y","created_at":"2022-06-20T03:20:59.000Z","updated_at":"2022-06-20T03:20:59.000Z","token_id":"bc94e457-07b5-4205-9f11-3552db6495ea"}', '2022-06-30 21:17:46'),
('11aab148-a802-4136-a533-58b27d48dd94', 'eyJhbGciOiJIUzI1NiIsInR5cCI6IkpXVCJ9.eyJpZCI6IjMiLCJmdWxsbmFtZSI6IlR1YW4gTWluaCIsIndhbGxldF9hZGRyZXNzIjoiSFBQcTF5Vng2N2JUajZzNWhZYUVKY1Y2OUEzODRmMmJMeG5IaHZmckFhc1AiLCJlbWFpbCI6ImNhdWhhaWJnQGdtYWlsLmNvbSIsImVtYWlsX3ZlcmlmaWVkX2F0IjoiMjAyMi0wNi0xN1QwMzowOTo0NS4wMDBaIiwiYWN0aXZlIjoxLCJzb2xfYmFsYW5jZSI6MCwidG90YWxfbG9vdCI6MCwidG90YWxfbG9vdF93b24iOjAsImxvb3NlX2xvb3N0IjowLCJhdmF0YXJfdXJsIjpudWxsLCJ1aWQiOiJIUFBxMXkiLCJjcmVhdGVkX2F0IjoiMjAyMi0wNi0yMFQwMzoyMDo1OS4wMDBaIiwidXBkYXRlZF9hdCI6IjIwMjItMDYtMjBUMDM6MjA6NTkuMDAwWiIsInRva2VuX2lkIjoiMTFhYWIxNDgtYTgwMi00MTM2LWE1MzMtNThiMjdkNDhkZDk0IiwiaWF0IjoxNjU2MDgzMTA1LCJleHAiOjE2NTY2ODc5MDV9.NTXdPg9p7SsJbzsNOtsz3qrAQ1PNTzBP6MLU-f0_Ghk', '{"id":"3","fullname":"Tuan Minh","wallet_address":"HPPq1yVx67bTj6s5hYaEJcV69A384f2bLxnHhvfrAasP","email":"cauhaibg@gmail.com","email_verified_at":"2022-06-17T03:09:45.000Z","active":1,"sol_balance":0,"total_loot":0,"total_loot_won":0,"loose_loost":0,"avatar_url":null,"uid":"HPPq1y","created_at":"2022-06-20T03:20:59.000Z","updated_at":"2022-06-20T03:20:59.000Z","token_id":"11aab148-a802-4136-a533-58b27d48dd94"}', '2022-07-01 03:05:05'),
('520fb14d-2493-4e41-8a33-2f19ea7f7e3c', 'eyJhbGciOiJIUzI1NiIsInR5cCI6IkpXVCJ9.eyJpZCI6IjExIiwiZnVsbG5hbWUiOiJEZXYwOCIsIndhbGxldF9hZGRyZXNzIjoiODRUNlM2VVBlRkJUdDgyWTlmZ1Z4Ym02WWR6OEVzSnEzeUJUejZUSzljZFMiLCJlbWFpbCI6ImRldjA4QGVvc3ZubC5jb20iLCJlbWFpbF92ZXJpZmllZF9hdCI6IjIwMjItMDYtMTdUMDM6MDk6NDUuMDAwWiIsImFjdGl2ZSI6MSwic29sX2JhbGFuY2UiOjAsInRvdGFsX2xvb3QiOjAsInRvdGFsX2xvb3Rfd29uIjowLCJsb29zZV9sb29zdCI6MCwiYXZhdGFyX3VybCI6bnVsbCwidWlkIjoiODRUNlM2IiwiY3JlYXRlZF9hdCI6IjIwMjItMDYtMjBUMDM6MjA6NTkuMDAwWiIsInVwZGF0ZWRfYXQiOiIyMDIyLTA2LTIwVDAzOjIwOjU5LjAwMFoiLCJ0b2tlbl9pZCI6IjUyMGZiMTRkLTI0OTMtNGU0MS04YTMzLTJmMTllYTdmN2UzYyIsImlhdCI6MTY1NjEyNjk5MCwiZXhwIjoxNjU2NzMxNzkwfQ.6jqVfO5_3Lz06SfaGdBYiY3bk3PBT9gON8ND9N0nGXQ', '{"id":"11","fullname":"Dev08","wallet_address":"84T6S6UPeFBTt82Y9fgVxbm6Ydz8EsJq3yBTz6TK9cdS","email":"dev08@eosvnl.com","email_verified_at":"2022-06-17T03:09:45.000Z","active":1,"sol_balance":0,"total_loot":0,"total_loot_won":0,"loose_loost":0,"avatar_url":null,"uid":"84T6S6","created_at":"2022-06-20T03:20:59.000Z","updated_at":"2022-06-20T03:20:59.000Z","token_id":"520fb14d-2493-4e41-8a33-2f19ea7f7e3c"}', '2022-07-02 03:16:30'),
('7408f36a-7e2b-41a2-81db-fc6fe3bf98d5', 'eyJhbGciOiJIUzI1NiIsInR5cCI6IkpXVCJ9.eyJpZCI6IjEiLCJmdWxsbmFtZSI6IkJlIFRhaSIsIndhbGxldF9hZGRyZXNzIjoiNmN3YVFUWDZGcHVyVXp5YlhRWFc4S2l6WWZvQnlmYmpIS1o5ZkJ1anFrU0siLCJlbWFpbCI6InRhaS5pY3R1QGdtYWlsLmNvbSIsImVtYWlsX3ZlcmlmaWVkX2F0IjoiMjAyMi0wNi0xN1QwMzowOTo0NS4wMDBaIiwiYWN0aXZlIjoxLCJzb2xfYmFsYW5jZSI6MCwidG90YWxfbG9vdCI6MCwidG90YWxfbG9vdF93b24iOjAsImxvb3NlX2xvb3N0IjowLCJhdmF0YXJfdXJsIjpudWxsLCJ1aWQiOiI2Y3dhUVRYIiwiY3JlYXRlZF9hdCI6IjIwMjItMDYtMjBUMDM6MjA6NTkuMDAwWiIsInVwZGF0ZWRfYXQiOiIyMDIyLTA2LTIwVDAzOjIwOjU5LjAwMFoiLCJ0b2tlbl9pZCI6Ijc0MDhmMzZhLTdlMmItNDFhMi04MWRiLWZjNmZlM2JmOThkNSIsImlhdCI6MTY1NjEyODUwOCwiZXhwIjoxNjU2NzMzMzA4fQ.0e1iMclMv5Ee5k7Xz5XIP8iGLW7u3Xfm6rk0mwQAJOg', '{"id":"1","fullname":"Be Tai","wallet_address":"6cwaQTX6FpurUzybXQXW8KizYfoByfbjHKZ9fBujqkSK","email":"tai.ictu@gmail.com","email_verified_at":"2022-06-17T03:09:45.000Z","active":1,"sol_balance":0,"total_loot":0,"total_loot_won":0,"loose_loost":0,"avatar_url":null,"uid":"6cwaQTX","created_at":"2022-06-20T03:20:59.000Z","updated_at":"2022-06-20T03:20:59.000Z","token_id":"7408f36a-7e2b-41a2-81db-fc6fe3bf98d5"}', '2022-07-02 03:41:48'),
('b9d0a8a9-479b-4fcf-a58a-e4e39111f656', 'eyJhbGciOiJIUzI1NiIsInR5cCI6IkpXVCJ9.eyJpZCI6IjEiLCJ1c2VybmFtZSI6ImFkbWluIiwiZW1haWwiOiJ0YWkuaWN0dUBnbWFpbC5jb20iLCJhY3RpdmUiOjEsImF2YXRhcl91cmwiOiIiLCJjcmVhdGVkX2F0IjoiMjAyMi0wNy0wM1QxNzoyMDo0Ni4wMDBaIiwidXBkYXRlZF9hdCI6IjIwMjItMDctMDNUMTc6MjA6NDYuMDAwWiIsInRva2VuX2lkIjoiYjlkMGE4YTktNDc5Yi00ZmNmLWE1OGEtZTRlMzkxMTFmNjU2IiwiaWF0IjoxNjU2ODcyMTgxLCJleHAiOjE2NTc0NzY5ODF9.YeyCqc65A2ZRax4t8GG07ixYM0IsAkJZJpbTvDS5zz0', '{"id":"1","username":"admin","email":"tai.ictu@gmail.com","active":1,"avatar_url":"","created_at":"2022-07-03T17:20:46.000Z","updated_at":"2022-07-03T17:20:46.000Z","token_id":"b9d0a8a9-479b-4fcf-a58a-e4e39111f656"}', '2022-07-10 18:16:21'),
('63e27569-e0b0-442c-9828-68546842ecdf', 'eyJhbGciOiJIUzI1NiIsInR5cCI6IkpXVCJ9.eyJpZCI6IjEiLCJmdWxsbmFtZSI6IkJlIFRhaSIsIndhbGxldF9hZGRyZXNzIjoiNmN3YVFUWDZGcHVyVXp5YlhRWFc4S2l6WWZvQnlmYmpIS1o5ZkJ1anFrU0siLCJlbWFpbCI6InRhaS5pY3R1QGdtYWlsLmNvbSIsImVtYWlsX3ZlcmlmaWVkX2F0IjoiMjAyMi0wNi0xN1QwMzowOTo0NS4wMDBaIiwiYWN0aXZlIjoxLCJzb2xfYmFsYW5jZSI6MCwidG90YWxfbG9vdCI6MCwidG90YWxfbG9vdF93b24iOjAsImxvb3NlX2xvb3N0IjowLCJhdmF0YXJfdXJsIjpudWxsLCJ1aWQiOiI2Y3dhUVRYIiwiY3JlYXRlZF9hdCI6IjIwMjItMDYtMjBUMDM6MjA6NTkuMDAwWiIsInVwZGF0ZWRfYXQiOiIyMDIyLTA2LTIwVDAzOjIwOjU5LjAwMFoiLCJ0b2tlbl9pZCI6IjYzZTI3NTY5LWUwYjAtNDQyYy05ODI4LTY4NTQ2ODQyZWNkZiIsImlhdCI6MTY1NjQ3NDA0OCwiZXhwIjoxNjU3MDc4ODQ4fQ.xrehXs24P5uh2elqvMgu84ZsfdsoDMS1dsPkY2b8lZE', '{"id":"1","fullname":"Be Tai","wallet_address":"6cwaQTX6FpurUzybXQXW8KizYfoByfbjHKZ9fBujqkSK","email":"tai.ictu@gmail.com","email_verified_at":"2022-06-17T03:09:45.000Z","active":1,"sol_balance":0,"total_loot":0,"total_loot_won":0,"loose_loost":0,"avatar_url":null,"uid":"6cwaQTX","created_at":"2022-06-20T03:20:59.000Z","updated_at":"2022-06-20T03:20:59.000Z","token_id":"63e27569-e0b0-442c-9828-68546842ecdf"}', '2022-07-06 03:40:48'),
('d87d630a-517c-4695-8d7d-ee046c83973c', 'eyJhbGciOiJIUzI1NiIsInR5cCI6IkpXVCJ9.eyJpZCI6IjEiLCJmdWxsbmFtZSI6IkJlIFRhaSIsIndhbGxldF9hZGRyZXNzIjoiNmN3YVFUWDZGcHVyVXp5YlhRWFc4S2l6WWZvQnlmYmpIS1o5ZkJ1anFrU0siLCJlbWFpbCI6InRhaS5pY3R1QGdtYWlsLmNvbSIsImVtYWlsX3ZlcmlmaWVkX2F0IjoiMjAyMi0wNi0xN1QwMzowOTo0NS4wMDBaIiwiYWN0aXZlIjoxLCJzb2xfYmFsYW5jZSI6MCwidG90YWxfbG9vdCI6MCwidG90YWxfbG9vdF93b24iOjAsImxvb3NlX2xvb3N0IjowLCJhdmF0YXJfdXJsIjpudWxsLCJ1aWQiOiI2Y3dhUVRYIiwiY3JlYXRlZF9hdCI6IjIwMjItMDYtMjBUMDM6MjA6NTkuMDAwWiIsInVwZGF0ZWRfYXQiOiIyMDIyLTA2LTIwVDAzOjIwOjU5LjAwMFoiLCJ0b2tlbl9pZCI6ImQ4N2Q2MzBhLTUxN2MtNDY5NS04ZDdkLWVlMDQ2YzgzOTczYyIsImlhdCI6MTY1NjU1NTI3MCwiZXhwIjoxNjU3MTYwMDcwfQ.m2jau21mPZDRH3qNKj0txUlK-iYfZHpt4lPgA_tJ050', '{"id":"1","fullname":"Be Tai","wallet_address":"6cwaQTX6FpurUzybXQXW8KizYfoByfbjHKZ9fBujqkSK","email":"tai.ictu@gmail.com","email_verified_at":"2022-06-17T03:09:45.000Z","active":1,"sol_balance":0,"total_loot":0,"total_loot_won":0,"loose_loost":0,"avatar_url":null,"uid":"6cwaQTX","created_at":"2022-06-20T03:20:59.000Z","updated_at":"2022-06-20T03:20:59.000Z","token_id":"d87d630a-517c-4695-8d7d-ee046c83973c"}', '2022-07-07 02:14:30'),
('685469c6-37c4-4b91-941f-f9e1985d412f', 'eyJhbGciOiJIUzI1NiIsInR5cCI6IkpXVCJ9.eyJpZCI6IjEiLCJmdWxsbmFtZSI6IkJlIFRhaSIsIndhbGxldF9hZGRyZXNzIjoiNmN3YVFUWDZGcHVyVXp5YlhRWFc4S2l6WWZvQnlmYmpIS1o5ZkJ1anFrU0siLCJlbWFpbCI6InRhaS5pY3R1QGdtYWlsLmNvbSIsImVtYWlsX3ZlcmlmaWVkX2F0IjoiMjAyMi0wNi0xN1QwMzowOTo0NS4wMDBaIiwiYWN0aXZlIjoxLCJzb2xfYmFsYW5jZSI6MCwidG90YWxfbG9vdCI6MCwidG90YWxfbG9vdF93b24iOjAsImxvb3NlX2xvb3N0IjowLCJhdmF0YXJfdXJsIjpudWxsLCJ1aWQiOiI2Y3dhUVRYIiwiY3JlYXRlZF9hdCI6IjIwMjItMDYtMjBUMDM6MjA6NTkuMDAwWiIsInVwZGF0ZWRfYXQiOiIyMDIyLTA2LTIwVDAzOjIwOjU5LjAwMFoiLCJ0b2tlbl9pZCI6IjY4NTQ2OWM2LTM3YzQtNGI5MS05NDFmLWY5ZTE5ODVkNDEyZiIsImlhdCI6MTY1NjU1NTQ4OSwiZXhwIjoxNjU3MTYwMjg5fQ.oaEuCFEzkG0xdZHT8-gno8RXV-EQpIyx1HK-biw35hw', '{"id":"1","fullname":"Be Tai","wallet_address":"6cwaQTX6FpurUzybXQXW8KizYfoByfbjHKZ9fBujqkSK","email":"tai.ictu@gmail.com","email_verified_at":"2022-06-17T03:09:45.000Z","active":1,"sol_balance":0,"total_loot":0,"total_loot_won":0,"loose_loost":0,"avatar_url":null,"uid":"6cwaQTX","created_at":"2022-06-20T03:20:59.000Z","updated_at":"2022-06-20T03:20:59.000Z","token_id":"685469c6-37c4-4b91-941f-f9e1985d412f"}', '2022-07-07 02:18:09'),
('ec536c65-9d38-465e-b5e0-135f3fc01c80', 'eyJhbGciOiJIUzI1NiIsInR5cCI6IkpXVCJ9.eyJpZCI6IjEiLCJmdWxsbmFtZSI6IkJlIFRhaSIsIndhbGxldF9hZGRyZXNzIjoiNmN3YVFUWDZGcHVyVXp5YlhRWFc4S2l6WWZvQnlmYmpIS1o5ZkJ1anFrU0siLCJlbWFpbCI6InRhaS5pY3R1QGdtYWlsLmNvbSIsImVtYWlsX3ZlcmlmaWVkX2F0IjoiMjAyMi0wNi0xN1QwMzowOTo0NS4wMDBaIiwiYWN0aXZlIjoxLCJzb2xfYmFsYW5jZSI6MCwidG90YWxfbG9vdCI6MCwidG90YWxfbG9vdF93b24iOjAsImxvb3NlX2xvb3N0IjowLCJhdmF0YXJfdXJsIjpudWxsLCJ1aWQiOiI2Y3dhUVRYIiwiY3JlYXRlZF9hdCI6IjIwMjItMDYtMjBUMDM6MjA6NTkuMDAwWiIsInVwZGF0ZWRfYXQiOiIyMDIyLTA2LTIwVDAzOjIwOjU5LjAwMFoiLCJ0b2tlbl9pZCI6ImVjNTM2YzY1LTlkMzgtNDY1ZS1iNWUwLTEzNWYzZmMwMWM4MCIsImlhdCI6MTY1NjY5MTMwNywiZXhwIjoxNjU3Mjk2MTA3fQ.ATIp9DXkHsyRhsoNZCY9bYf0A-DYUxLuknkPG0caBL8', '{"id":"1","fullname":"Be Tai","wallet_address":"6cwaQTX6FpurUzybXQXW8KizYfoByfbjHKZ9fBujqkSK","email":"tai.ictu@gmail.com","email_verified_at":"2022-06-17T03:09:45.000Z","active":1,"sol_balance":0,"total_loot":0,"total_loot_won":0,"loose_loost":0,"avatar_url":null,"uid":"6cwaQTX","created_at":"2022-06-20T03:20:59.000Z","updated_at":"2022-06-20T03:20:59.000Z","token_id":"ec536c65-9d38-465e-b5e0-135f3fc01c80"}', '2022-07-08 04:01:47'),
('c7c02833-e710-46b9-af4e-d92c1d88323d', 'eyJhbGciOiJIUzI1NiIsInR5cCI6IkpXVCJ9.eyJpZCI6IjEiLCJmdWxsbmFtZSI6IkJlIFRhaSIsIndhbGxldF9hZGRyZXNzIjoiNmN3YVFUWDZGcHVyVXp5YlhRWFc4S2l6WWZvQnlmYmpIS1o5ZkJ1anFrU0siLCJlbWFpbCI6InRhaS5pY3R1QGdtYWlsLmNvbSIsImVtYWlsX3ZlcmlmaWVkX2F0IjoiMjAyMi0wNi0xN1QwMzowOTo0NS4wMDBaIiwiYWN0aXZlIjoxLCJiYWxhbmNlIjowLCJ0b3RhbF9sb290IjowLCJ0b3RhbF9sb290X3dvbiI6MCwibG9vc2VfbG9vc3QiOjAsImF2YXRhcl91cmwiOm51bGwsInVpZCI6IjZjd2FRVFgiLCJjcmVhdGVkX2F0IjoiMjAyMi0wNi0yMFQwMzoyMDo1OS4wMDBaIiwidXBkYXRlZF9hdCI6IjIwMjItMDYtMjBUMDM6MjA6NTkuMDAwWiIsInRva2VuX2lkIjoiYzdjMDI4MzMtZTcxMC00NmI5LWFmNGUtZDkyYzFkODgzMjNkIiwiaWF0IjoxNjU2Nzc5ODI3LCJleHAiOjE2NTczODQ2Mjd9.nCpTop3bwssACIa5VkogDntkWN7KYElAJoDRTwz0vJg', '{"id":"1","fullname":"Be Tai","wallet_address":"6cwaQTX6FpurUzybXQXW8KizYfoByfbjHKZ9fBujqkSK","email":"tai.ictu@gmail.com","email_verified_at":"2022-06-17T03:09:45.000Z","active":1,"balance":0,"total_loot":0,"total_loot_won":0,"loose_loost":0,"avatar_url":null,"uid":"6cwaQTX","created_at":"2022-06-20T03:20:59.000Z","updated_at":"2022-06-20T03:20:59.000Z","token_id":"c7c02833-e710-46b9-af4e-d92c1d88323d"}', '2022-07-09 04:37:07'),
('af7c9608-8ad0-4088-a372-cf8f77e3d5c9', 'eyJhbGciOiJIUzI1NiIsInR5cCI6IkpXVCJ9.eyJpZCI6IjEiLCJmdWxsbmFtZSI6IkJlIFRhaSIsIndhbGxldF9hZGRyZXNzIjoiNmN3YVFUWDZGcHVyVXp5YlhRWFc4S2l6WWZvQnlmYmpIS1o5ZkJ1anFrU0siLCJlbWFpbCI6InRhaS5pY3R1QGdtYWlsLmNvbSIsImVtYWlsX3ZlcmlmaWVkX2F0IjoiMjAyMi0wNi0xN1QwMzowOTo0NS4wMDBaIiwiYWN0aXZlIjoxLCJiYWxhbmNlIjo1ODAuNSwidG90YWxfbG9vdCI6MCwidG90YWxfbG9vdF93b24iOjAsImxvb3NlX2xvb3N0IjowLCJhdmF0YXJfdXJsIjpudWxsLCJ1aWQiOiI2Y3dhUVRYIiwiY3JlYXRlZF9hdCI6IjIwMjItMDYtMjBUMDM6MjA6NTkuMDAwWiIsInVwZGF0ZWRfYXQiOiIyMDIyLTA3LTAyVDExOjAwOjAzLjAwMFoiLCJ0b2tlbl9pZCI6ImFmN2M5NjA4LThhZDAtNDA4OC1hMzcyLWNmOGY3N2UzZDVjOSIsImlhdCI6MTY1Njg2OTkyMiwiZXhwIjoxNjU3NDc0NzIyfQ.H3-iooAex5s3HOPn2ABqm99UVAh4fvU6Di0d35aP-L4', '{"id":"1","fullname":"Be Tai","wallet_address":"6cwaQTX6FpurUzybXQXW8KizYfoByfbjHKZ9fBujqkSK","email":"tai.ictu@gmail.com","email_verified_at":"2022-06-17T03:09:45.000Z","active":1,"balance":580.5,"total_loot":0,"total_loot_won":0,"loose_loost":0,"avatar_url":null,"uid":"6cwaQTX","created_at":"2022-06-20T03:20:59.000Z","updated_at":"2022-07-02T11:00:03.000Z","token_id":"af7c9608-8ad0-4088-a372-cf8f77e3d5c9"}', '2022-07-11 05:38:42'),
('a1858943-177f-4a6d-a888-6c4da6ba5696', 'eyJhbGciOiJIUzI1NiIsInR5cCI6IkpXVCJ9.eyJpZCI6IjEiLCJ1c2VybmFtZSI6ImFkbWluIiwiZW1haWwiOiJ0YWkuaWN0dUBnbWFpbC5jb20iLCJhY3RpdmUiOjEsImF2YXRhcl91cmwiOiIiLCJjcmVhdGVkX2F0IjoiMjAyMi0wNy0wM1QxNzoyMDo0Ni4wMDBaIiwidXBkYXRlZF9hdCI6IjIwMjItMDctMDNUMTc6MjA6NDYuMDAwWiIsInRva2VuX2lkIjoiYTE4NTg5NDMtMTc3Zi00YTZkLWE4ODgtNmM0ZGE2YmE1Njk2IiwiaWF0IjoxNjU2ODcxNzk4LCJleHAiOjE2NTc0NzY1OTh9.wiMu3fupa2Tb9wFFMHrVLp_FbLxQaKx2LxxO0e14s5I', '{"id":"1","username":"admin","email":"tai.ictu@gmail.com","active":1,"avatar_url":"","created_at":"2022-07-03T17:20:46.000Z","updated_at":"2022-07-03T17:20:46.000Z","token_id":"a1858943-177f-4a6d-a888-6c4da6ba5696"}', '2022-07-10 18:09:58'),
('4f5ffecb-9bb6-4828-b352-57b598f0ae36', 'eyJhbGciOiJIUzI1NiIsInR5cCI6IkpXVCJ9.eyJpZCI6IjEiLCJ1c2VybmFtZSI6ImFkbWluIiwiZW1haWwiOiJ0YWkuaWN0dUBnbWFpbC5jb20iLCJhY3RpdmUiOjEsImF2YXRhcl91cmwiOiIiLCJjcmVhdGVkX2F0IjoiMjAyMi0wNy0wM1QxNzoyMDo0Ni4wMDBaIiwidXBkYXRlZF9hdCI6IjIwMjItMDctMDNUMTc6MjA6NDYuMDAwWiIsInRva2VuX2lkIjoiNGY1ZmZlY2ItOWJiNi00ODI4LWIzNTItNTdiNTk4ZjBhZTM2IiwiaWF0IjoxNjU2ODcyMTk1LCJleHAiOjE2NTc0NzY5OTV9.vdUqVniW7I66GNmcDbTYkmeoDxTGs0MRIVkUnlNvuy0', '{"id":"1","username":"admin","email":"tai.ictu@gmail.com","active":1,"avatar_url":"","created_at":"2022-07-03T17:20:46.000Z","updated_at":"2022-07-03T17:20:46.000Z","token_id":"4f5ffecb-9bb6-4828-b352-57b598f0ae36"}', '2022-07-10 18:16:35'),
('2858752b-55f6-43ba-b16e-34976c821c2d', 'eyJhbGciOiJIUzI1NiIsInR5cCI6IkpXVCJ9.eyJpZCI6IjEiLCJ1c2VybmFtZSI6ImFkbWluIiwiZW1haWwiOiJ0YWkuaWN0dUBnbWFpbC5jb20iLCJhY3RpdmUiOjEsImF2YXRhcl91cmwiOiIiLCJjcmVhdGVkX2F0IjoiMjAyMi0wNy0wM1QxNzoyMDo0Ni4wMDBaIiwidXBkYXRlZF9hdCI6IjIwMjItMDctMDNUMTc6MjA6NDYuMDAwWiIsInRva2VuX2lkIjoiMjg1ODc1MmItNTVmNi00M2JhLWIxNmUtMzQ5NzZjODIxYzJkIiwiaWF0IjoxNjU2ODcyNDUzLCJleHAiOjE2NTc0NzcyNTN9.cg-Ms7p28gXCsFb1GCE8YO8qup1tZrqHlB04-FFjFf8', '{"id":"1","username":"admin","email":"tai.ictu@gmail.com","active":1,"avatar_url":"","created_at":"2022-07-03T17:20:46.000Z","updated_at":"2022-07-03T17:20:46.000Z","token_id":"2858752b-55f6-43ba-b16e-34976c821c2d"}', '2022-07-10 18:20:53'),
('e2dd534f-ee86-4767-87b9-5bc1c5a3cdbb', 'eyJhbGciOiJIUzI1NiIsInR5cCI6IkpXVCJ9.eyJpZCI6IjEiLCJmdWxsbmFtZSI6IkJlIFRhaSIsIndhbGxldF9hZGRyZXNzIjoiNmN3YVFUWDZGcHVyVXp5YlhRWFc4S2l6WWZvQnlmYmpIS1o5ZkJ1anFrU0siLCJlbWFpbCI6InRhaS5pY3R1QGdtYWlsLmNvbSIsImVtYWlsX3ZlcmlmaWVkX2F0IjoiMjAyMi0wNi0xN1QwMzowOTo0NS4wMDBaIiwiYWN0aXZlIjoxLCJiYWxhbmNlIjo1ODAuNSwidG90YWxfbG9vdCI6MCwidG90YWxfbG9vdF93b24iOjAsImxvb3NlX2xvb3N0IjowLCJhdmF0YXJfdXJsIjpudWxsLCJ1aWQiOiI2Y3dhUVRYIiwiY3JlYXRlZF9hdCI6IjIwMjItMDYtMjBUMDM6MjA6NTkuMDAwWiIsInVwZGF0ZWRfYXQiOiIyMDIyLTA3LTAyVDExOjAwOjAzLjAwMFoiLCJ0b2tlbl9pZCI6ImUyZGQ1MzRmLWVlODYtNDc2Ny04N2I5LTViYzFjNWEzY2RiYiIsImlhdCI6MTY1Njg3MzY5MSwiZXhwIjoxNjU3NDc4NDkxfQ.bwvMgSwno8M68K_b_4mUYKB1OammI3vjh4qQCAX2X34', '{"id":"1","fullname":"Be Tai","wallet_address":"6cwaQTX6FpurUzybXQXW8KizYfoByfbjHKZ9fBujqkSK","email":"tai.ictu@gmail.com","email_verified_at":"2022-06-17T03:09:45.000Z","active":1,"balance":580.5,"total_loot":0,"total_loot_won":0,"loose_loost":0,"avatar_url":null,"uid":"6cwaQTX","created_at":"2022-06-20T03:20:59.000Z","updated_at":"2022-07-02T11:00:03.000Z","token_id":"e2dd534f-ee86-4767-87b9-5bc1c5a3cdbb"}', '2022-07-10 18:41:31'),
('92913e0b-88de-4385-baea-716b97308711', 'eyJhbGciOiJIUzI1NiIsInR5cCI6IkpXVCJ9.eyJpZCI6IjEiLCJ1c2VybmFtZSI6ImFkbWluIiwiZW1haWwiOiJ0YWkuaWN0dUBnbWFpbC5jb20iLCJhY3RpdmUiOjEsImF2YXRhcl91cmwiOiIiLCJjcmVhdGVkX2F0IjoiMjAyMi0wNy0wM1QxNzoyMDo0Ni4wMDBaIiwidXBkYXRlZF9hdCI6IjIwMjItMDctMDNUMTc6MjA6NDYuMDAwWiIsInRva2VuX2lkIjoiOTI5MTNlMGItODhkZS00Mzg1LWJhZWEtNzE2Yjk3MzA4NzExIiwiaWF0IjoxNjU2ODc0NTEwLCJleHAiOjE2NTc0NzkzMTB9.0rmeNOuWWrG-CPlDSdTarU6E85_-QOpFnkdB1zjg5K8', '{"id":"1","username":"admin","email":"tai.ictu@gmail.com","active":1,"avatar_url":"","created_at":"2022-07-03T17:20:46.000Z","updated_at":"2022-07-03T17:20:46.000Z","token_id":"92913e0b-88de-4385-baea-716b97308711"}', '2022-07-10 18:55:10'),
('f28e9dce-bb16-4347-b050-dbcf9e2e6bbe', 'eyJhbGciOiJIUzI1NiIsInR5cCI6IkpXVCJ9.eyJpZCI6IjEiLCJ1c2VybmFtZSI6ImFkbWluIiwiZW1haWwiOiJ0YWkuaWN0dUBnbWFpbC5jb20iLCJhY3RpdmUiOjEsImF2YXRhcl91cmwiOiIiLCJjcmVhdGVkX2F0IjoiMjAyMi0wNy0wM1QxNzoyMDo0Ni4wMDBaIiwidXBkYXRlZF9hdCI6IjIwMjItMDctMDNUMTc6MjA6NDYuMDAwWiIsInRva2VuX2lkIjoiZjI4ZTlkY2UtYmIxNi00MzQ3LWIwNTAtZGJjZjllMmU2YmJlIiwiaWF0IjoxNjU2OTU1MTUwLCJleHAiOjE2NTc1NTk5NTB9.ScX4FRQN0jLbYJYdwCHY-8AMunNggTIaSI6n6SqBE5s', '{"id":"1","username":"admin","email":"tai.ictu@gmail.com","active":1,"avatar_url":"","created_at":"2022-07-03T17:20:46.000Z","updated_at":"2022-07-03T17:20:46.000Z","token_id":"f28e9dce-bb16-4347-b050-dbcf9e2e6bbe"}', '2022-07-12 05:19:10'),
('a0745eea-13ce-4113-92e3-6d769d923e6c', 'eyJhbGciOiJIUzI1NiIsInR5cCI6IkpXVCJ9.eyJpZCI6IjEiLCJmdWxsbmFtZSI6IkJlIFRhaSIsIndhbGxldF9hZGRyZXNzIjoiNmN3YVFUWDZGcHVyVXp5YlhRWFc4S2l6WWZvQnlmYmpIS1o5ZkJ1anFrU0siLCJlbWFpbCI6InRhaS5pY3R1QGdtYWlsLmNvbSIsImVtYWlsX3ZlcmlmaWVkX2F0IjoiMjAyMi0wNi0xN1QwMzowOTo0NS4wMDBaIiwiYWN0aXZlIjoxLCJiYWxhbmNlIjo1ODAuNSwidG90YWxfbG9vdCI6MCwidG90YWxfbG9vdF93b24iOjAsImxvb3NlX2xvb3N0IjowLCJhdmF0YXJfdXJsIjpudWxsLCJ1aWQiOiI2Y3dhUVRYIiwiY3JlYXRlZF9hdCI6IjIwMjItMDYtMjBUMDM6MjA6NTkuMDAwWiIsInVwZGF0ZWRfYXQiOiIyMDIyLTA3LTAyVDExOjAwOjAzLjAwMFoiLCJ0b2tlbl9pZCI6ImEwNzQ1ZWVhLTEzY2UtNDExMy05MmUzLTZkNzY5ZDkyM2U2YyIsImlhdCI6MTY1NzAxNzExOSwiZXhwIjoxNjU3NjIxOTE5fQ.4tM3QNlISICJDz3CqZ5ibArC8JUKcXqjwNjkFh4-j9M', '{"id":"1","fullname":"Be Tai","wallet_address":"6cwaQTX6FpurUzybXQXW8KizYfoByfbjHKZ9fBujqkSK","email":"tai.ictu@gmail.com","email_verified_at":"2022-06-17T03:09:45.000Z","active":1,"balance":580.5,"total_loot":0,"total_loot_won":0,"loose_loost":0,"avatar_url":null,"uid":"6cwaQTX","created_at":"2022-06-20T03:20:59.000Z","updated_at":"2022-07-02T11:00:03.000Z","token_id":"a0745eea-13ce-4113-92e3-6d769d923e6c"}', '2022-07-11 22:31:59'),
('f7b7071c-708c-41fb-96e5-2b8f40262beb', 'eyJhbGciOiJIUzI1NiIsInR5cCI6IkpXVCJ9.eyJpZCI6IjEiLCJ1c2VybmFtZSI6ImFkbWluIiwiZW1haWwiOiJ0YWkuaWN0dUBnbWFpbC5jb20iLCJhY3RpdmUiOjEsImF2YXRhcl91cmwiOiIiLCJjcmVhdGVkX2F0IjoiMjAyMi0wNy0wM1QxNzoyMDo0Ni4wMDBaIiwidXBkYXRlZF9hdCI6IjIwMjItMDctMDNUMTc6MjA6NDYuMDAwWiIsInRva2VuX2lkIjoiZjdiNzA3MWMtNzA4Yy00MWZiLTk2ZTUtMmI4ZjQwMjYyYmViIiwiaWF0IjoxNjU3MDQ1NTEyLCJleHAiOjE2NTc2NTAzMTJ9.EU9q5jKv1Yh_zTY_RwXBTYzJq9ZnghN2kF7w0-3zMZY', '{"id":"1","username":"admin","email":"tai.ictu@gmail.com","active":1,"avatar_url":"","created_at":"2022-07-03T17:20:46.000Z","updated_at":"2022-07-03T17:20:46.000Z","token_id":"f7b7071c-708c-41fb-96e5-2b8f40262beb"}', '2022-07-12 18:25:12'),
('26814a75-3853-487e-9f87-d274298dedac', 'eyJhbGciOiJIUzI1NiIsInR5cCI6IkpXVCJ9.eyJpZCI6IjEiLCJmdWxsbmFtZSI6IkJlIFRhaSIsIndhbGxldF9hZGRyZXNzIjoiNmN3YVFUWDZGcHVyVXp5YlhRWFc4S2l6WWZvQnlmYmpIS1o5ZkJ1anFrU0siLCJlbWFpbCI6InRhaS5pY3R1QGdtYWlsLmNvbSIsImVtYWlsX3ZlcmlmaWVkX2F0IjoiMjAyMi0wNi0xN1QwMzowOTo0NS4wMDBaIiwiYWN0aXZlIjoxLCJiYWxhbmNlIjo1ODAuNSwidG90YWxfbG9vdCI6MCwidG90YWxfbG9vdF93b24iOjAsImxvb3NlX2xvb3N0IjowLCJhdmF0YXJfdXJsIjpudWxsLCJ1aWQiOiI2Y3dhUVRYIiwiY3JlYXRlZF9hdCI6IjIwMjItMDYtMjBUMDM6MjA6NTkuMDAwWiIsInVwZGF0ZWRfYXQiOiIyMDIyLTA3LTAyVDExOjAwOjAzLjAwMFoiLCJ0b2tlbl9pZCI6IjI2ODE0YTc1LTM4NTMtNDg3ZS05Zjg3LWQyNzQyOThkZWRhYyIsImlhdCI6MTY1NzEyNTY2MiwiZXhwIjoxNjU3NzMwNDYyfQ.kqPKuqD9YUwhycTKpRoPT3U6XAfsKYMrW1ngXCYmAQM', '{"id":"1","fullname":"Be Tai","wallet_address":"6cwaQTX6FpurUzybXQXW8KizYfoByfbjHKZ9fBujqkSK","email":"tai.ictu@gmail.com","email_verified_at":"2022-06-17T03:09:45.000Z","active":1,"balance":580.5,"total_loot":0,"total_loot_won":0,"loose_loost":0,"avatar_url":null,"uid":"6cwaQTX","created_at":"2022-06-20T03:20:59.000Z","updated_at":"2022-07-02T11:00:03.000Z","token_id":"26814a75-3853-487e-9f87-d274298dedac"}', '2022-07-13 04:41:02'),
('617fab7f-e1b6-488e-bd09-9f0ed6c6c77c', 'eyJhbGciOiJIUzI1NiIsInR5cCI6IkpXVCJ9.eyJpZCI6IjEiLCJ1c2VybmFtZSI6ImFkbWluIiwiZW1haWwiOiJ0YWkuaWN0dUBnbWFpbC5jb20iLCJhY3RpdmUiOjEsImF2YXRhcl91cmwiOiIiLCJjcmVhdGVkX2F0IjoiMjAyMi0wNy0wM1QxNzoyMDo0Ni4wMDBaIiwidXBkYXRlZF9hdCI6IjIwMjItMDctMDNUMTc6MjA6NDYuMDAwWiIsInRva2VuX2lkIjoiNjE3ZmFiN2YtZTFiNi00ODhlLWJkMDktOWYwZWQ2YzZjNzdjIiwiaWF0IjoxNjU3NTk4NzM0LCJleHAiOjE2NTgyMDM1MzR9.BlogONqZ8eCKTyuZH2rvxqttFYh-y_ijLJjavbvaxx0', '{"id":"1","username":"admin","email":"tai.ictu@gmail.com","active":1,"avatar_url":"","created_at":"2022-07-03T17:20:46.000Z","updated_at":"2022-07-03T17:20:46.000Z","token_id":"617fab7f-e1b6-488e-bd09-9f0ed6c6c77c"}', '2022-07-19 04:05:34'),
('c986ea67-7b41-4e3f-b240-4ce0cc52df64', 'eyJhbGciOiJIUzI1NiIsInR5cCI6IkpXVCJ9.eyJpZCI6IjEiLCJmdWxsbmFtZSI6IkJlIFRhaSIsIndhbGxldF9hZGRyZXNzIjoiNmN3YVFUWDZGcHVyVXp5YlhRWFc4S2l6WWZvQnlmYmpIS1o5ZkJ1anFrU0siLCJlbWFpbCI6InRhaS5pY3R1QGdtYWlsLmNvbSIsImVtYWlsX3ZlcmlmaWVkX2F0IjoiMjAyMi0wNi0xN1QwMzowOTo0NS4wMDBaIiwiYWN0aXZlIjoxLCJiYWxhbmNlIjo1ODAuNSwidG90YWxfbG9vdCI6MCwidG90YWxfbG9vdF93b24iOjAsImxvb3NlX2xvb3N0IjowLCJhdmF0YXJfdXJsIjpudWxsLCJ1aWQiOiI2Y3dhUVRYIiwiY3JlYXRlZF9hdCI6IjIwMjItMDYtMjBUMDM6MjA6NTkuMDAwWiIsInVwZGF0ZWRfYXQiOiIyMDIyLTA3LTAyVDExOjAwOjAzLjAwMFoiLCJ0b2tlbl9pZCI6ImM5ODZlYTY3LTdiNDEtNGUzZi1iMjQwLTRjZTBjYzUyZGY2NCIsImlhdCI6MTY1NzIxMjIzNywiZXhwIjoxNjU3ODE3MDM3fQ.8ts9rNRamjZDuH16fr7sr5jNGEdkSnZwwRQsuz-V6zs', '{"id":"1","fullname":"Be Tai","wallet_address":"6cwaQTX6FpurUzybXQXW8KizYfoByfbjHKZ9fBujqkSK","email":"tai.ictu@gmail.com","email_verified_at":"2022-06-17T03:09:45.000Z","active":1,"balance":580.5,"total_loot":0,"total_loot_won":0,"loose_loost":0,"avatar_url":null,"uid":"6cwaQTX","created_at":"2022-06-20T03:20:59.000Z","updated_at":"2022-07-02T11:00:03.000Z","token_id":"c986ea67-7b41-4e3f-b240-4ce0cc52df64"}', '2022-07-14 04:43:57'),
('e6f61d92-34e9-42db-8509-b34cd05e98f8', 'eyJhbGciOiJIUzI1NiIsInR5cCI6IkpXVCJ9.eyJpZCI6IjEiLCJmdWxsbmFtZSI6IkJlIFRhaSIsIndhbGxldF9hZGRyZXNzIjoiNmN3YVFUWDZGcHVyVXp5YlhRWFc4S2l6WWZvQnlmYmpIS1o5ZkJ1anFrU0siLCJlbWFpbCI6InRhaS5pY3R1QGdtYWlsLmNvbSIsImVtYWlsX3ZlcmlmaWVkX2F0IjoiMjAyMi0wNi0xN1QwMzowOTo0NS4wMDBaIiwiYWN0aXZlIjoxLCJiYWxhbmNlIjo1ODAuNSwidG90YWxfbG9vdCI6MCwidG90YWxfbG9vdF93b24iOjAsImxvb3NlX2xvb3N0IjowLCJhdmF0YXJfdXJsIjpudWxsLCJ1aWQiOiI2Y3dhUVRYIiwiY3JlYXRlZF9hdCI6IjIwMjItMDYtMjBUMDM6MjA6NTkuMDAwWiIsInVwZGF0ZWRfYXQiOiIyMDIyLTA3LTAyVDExOjAwOjAzLjAwMFoiLCJ0b2tlbl9pZCI6ImU2ZjYxZDkyLTM0ZTktNDJkYi04NTA5LWIzNGNkMDVlOThmOCIsImlhdCI6MTY1NzIxMzMzMCwiZXhwIjoxNjU3ODE4MTMwfQ.ate3JUEM2q_4zlhyXMOaufuYA1XdTJZepLLRSVGW4Rk', '{"id":"1","fullname":"Be Tai","wallet_address":"6cwaQTX6FpurUzybXQXW8KizYfoByfbjHKZ9fBujqkSK","email":"tai.ictu@gmail.com","email_verified_at":"2022-06-17T03:09:45.000Z","active":1,"balance":580.5,"total_loot":0,"total_loot_won":0,"loose_loost":0,"avatar_url":null,"uid":"6cwaQTX","created_at":"2022-06-20T03:20:59.000Z","updated_at":"2022-07-02T11:00:03.000Z","token_id":"e6f61d92-34e9-42db-8509-b34cd05e98f8"}', '2022-07-15 05:02:10'),
('a909175f-0f56-4ab5-b1ac-f15d306e19d1', 'eyJhbGciOiJIUzI1NiIsInR5cCI6IkpXVCJ9.eyJpZCI6IjEiLCJmdWxsbmFtZSI6IkJlIFRhaSIsIndhbGxldF9hZGRyZXNzIjoiNmN3YVFUWDZGcHVyVXp5YlhRWFc4S2l6WWZvQnlmYmpIS1o5ZkJ1anFrU0siLCJlbWFpbCI6InRhaS5pY3R1QGdtYWlsLmNvbSIsImVtYWlsX3ZlcmlmaWVkX2F0IjoiMjAyMi0wNi0xN1QwMzowOTo0NS4wMDBaIiwiYWN0aXZlIjoxLCJiYWxhbmNlIjo1ODAuNSwidG90YWxfbG9vdCI6MCwidG90YWxfbG9vdF93b24iOjAsImxvb3NlX2xvb3N0IjowLCJhdmF0YXJfdXJsIjpudWxsLCJ1aWQiOiI2Y3dhUVRYIiwiY3JlYXRlZF9hdCI6IjIwMjItMDYtMjBUMDM6MjA6NTkuMDAwWiIsInVwZGF0ZWRfYXQiOiIyMDIyLTA3LTAyVDExOjAwOjAzLjAwMFoiLCJ0b2tlbl9pZCI6ImE5MDkxNzVmLTBmNTYtNGFiNS1iMWFjLWYxNWQzMDZlMTlkMSIsImlhdCI6MTY1NzIxMzgzMCwiZXhwIjoxNjU3ODE4NjMwfQ.dJXLG_oMGlYMf89Oxln_AOXeMb7I1mKZwL_OF-g9MCc', '{"id":"1","fullname":"Be Tai","wallet_address":"6cwaQTX6FpurUzybXQXW8KizYfoByfbjHKZ9fBujqkSK","email":"tai.ictu@gmail.com","email_verified_at":"2022-06-17T03:09:45.000Z","active":1,"balance":580.5,"total_loot":0,"total_loot_won":0,"loose_loost":0,"avatar_url":null,"uid":"6cwaQTX","created_at":"2022-06-20T03:20:59.000Z","updated_at":"2022-07-02T11:00:03.000Z","token_id":"a909175f-0f56-4ab5-b1ac-f15d306e19d1"}', '2022-07-15 05:10:30'),
('6706869c-42f2-4b82-aa54-1d30dfa5a3bb', 'eyJhbGciOiJIUzI1NiIsInR5cCI6IkpXVCJ9.eyJpZCI6IjEiLCJmdWxsbmFtZSI6IkJlIFRhaSIsIndhbGxldF9hZGRyZXNzIjoiNmN3YVFUWDZGcHVyVXp5YlhRWFc4S2l6WWZvQnlmYmpIS1o5ZkJ1anFrU0siLCJlbWFpbCI6InRhaS5pY3R1QGdtYWlsLmNvbSIsImVtYWlsX3ZlcmlmaWVkX2F0IjoiMjAyMi0wNi0xN1QwMzowOTo0NS4wMDBaIiwiYWN0aXZlIjoxLCJiYWxhbmNlIjo1ODAuNSwidG90YWxfbG9vdCI6MCwidG90YWxfbG9vdF93b24iOjAsImxvb3NlX2xvb3N0IjowLCJhdmF0YXJfdXJsIjpudWxsLCJ1aWQiOiI2Y3dhUVRYIiwiY3JlYXRlZF9hdCI6IjIwMjItMDYtMjBUMDM6MjA6NTkuMDAwWiIsInVwZGF0ZWRfYXQiOiIyMDIyLTA3LTAyVDExOjAwOjAzLjAwMFoiLCJ0b2tlbl9pZCI6IjY3MDY4NjljLTQyZjItNGI4Mi1hYTU0LTFkMzBkZmE1YTNiYiIsImlhdCI6MTY1NzIxMzg3MywiZXhwIjoxNjU3ODE4NjczfQ.TWOdc9Lj5dQxOeg12dbfyCWpr-eq6i-phK4es1k-luE', '{"id":"1","fullname":"Be Tai","wallet_address":"6cwaQTX6FpurUzybXQXW8KizYfoByfbjHKZ9fBujqkSK","email":"tai.ictu@gmail.com","email_verified_at":"2022-06-17T03:09:45.000Z","active":1,"balance":580.5,"total_loot":0,"total_loot_won":0,"loose_loost":0,"avatar_url":null,"uid":"6cwaQTX","created_at":"2022-06-20T03:20:59.000Z","updated_at":"2022-07-02T11:00:03.000Z","token_id":"6706869c-42f2-4b82-aa54-1d30dfa5a3bb"}', '2022-07-15 05:11:13'),
('0e84e37a-afca-4a22-98ec-2b34fca0b28c', 'eyJhbGciOiJIUzI1NiIsInR5cCI6IkpXVCJ9.eyJpZCI6IjEiLCJmdWxsbmFtZSI6IkJlIFRhaSIsIndhbGxldF9hZGRyZXNzIjoiNmN3YVFUWDZGcHVyVXp5YlhRWFc4S2l6WWZvQnlmYmpIS1o5ZkJ1anFrU0siLCJlbWFpbCI6InRhaS5pY3R1QGdtYWlsLmNvbSIsImVtYWlsX3ZlcmlmaWVkX2F0IjoiMjAyMi0wNi0xN1QwMzowOTo0NS4wMDBaIiwiYWN0aXZlIjoxLCJiYWxhbmNlIjo1ODAuNSwidG90YWxfbG9vdCI6MCwidG90YWxfbG9vdF93b24iOjAsImxvb3NlX2xvb3N0IjowLCJhdmF0YXJfdXJsIjpudWxsLCJ1aWQiOiI2Y3dhUVRYIiwiY3JlYXRlZF9hdCI6IjIwMjItMDYtMjBUMDM6MjA6NTkuMDAwWiIsInVwZGF0ZWRfYXQiOiIyMDIyLTA3LTAyVDExOjAwOjAzLjAwMFoiLCJ0b2tlbl9pZCI6IjBlODRlMzdhLWFmY2EtNGEyMi05OGVjLTJiMzRmY2EwYjI4YyIsImlhdCI6MTY1NzIxMzk2MCwiZXhwIjoxNjU3ODE4NzYwfQ.4qtyEuHHPvguO5W6uFJbiz-aJtRjTtydBrJD9Sl4Xus', '{"id":"1","fullname":"Be Tai","wallet_address":"6cwaQTX6FpurUzybXQXW8KizYfoByfbjHKZ9fBujqkSK","email":"tai.ictu@gmail.com","email_verified_at":"2022-06-17T03:09:45.000Z","active":1,"balance":580.5,"total_loot":0,"total_loot_won":0,"loose_loost":0,"avatar_url":null,"uid":"6cwaQTX","created_at":"2022-06-20T03:20:59.000Z","updated_at":"2022-07-02T11:00:03.000Z","token_id":"0e84e37a-afca-4a22-98ec-2b34fca0b28c"}', '2022-07-15 05:12:40'),
('e878f9e1-8a75-4d80-95b7-52cd7dd9791a', 'eyJhbGciOiJIUzI1NiIsInR5cCI6IkpXVCJ9.eyJpZCI6IjEiLCJmdWxsbmFtZSI6IkJlIFRhaSIsIndhbGxldF9hZGRyZXNzIjoiNmN3YVFUWDZGcHVyVXp5YlhRWFc4S2l6WWZvQnlmYmpIS1o5ZkJ1anFrU0siLCJlbWFpbCI6InRhaS5pY3R1QGdtYWlsLmNvbSIsImVtYWlsX3ZlcmlmaWVkX2F0IjoiMjAyMi0wNi0xN1QwMzowOTo0NS4wMDBaIiwiYWN0aXZlIjoxLCJiYWxhbmNlIjo1ODAuNSwidG90YWxfbG9vdCI6MCwidG90YWxfbG9vdF93b24iOjAsImxvb3NlX2xvb3N0IjowLCJhdmF0YXJfdXJsIjpudWxsLCJ1aWQiOiI2Y3dhUVRYIiwiY3JlYXRlZF9hdCI6IjIwMjItMDYtMjBUMDM6MjA6NTkuMDAwWiIsInVwZGF0ZWRfYXQiOiIyMDIyLTA3LTAyVDExOjAwOjAzLjAwMFoiLCJ0b2tlbl9pZCI6ImU4NzhmOWUxLThhNzUtNGQ4MC05NWI3LTUyY2Q3ZGQ5NzkxYSIsImlhdCI6MTY1NzIxNDMwOSwiZXhwIjoxNjU3ODE5MTA5fQ.E6DNh3pbot8x8f4ocf7c7jGESyP9NJGn5l0wP4zd5WA', '{"id":"1","fullname":"Be Tai","wallet_address":"6cwaQTX6FpurUzybXQXW8KizYfoByfbjHKZ9fBujqkSK","email":"tai.ictu@gmail.com","email_verified_at":"2022-06-17T03:09:45.000Z","active":1,"balance":580.5,"total_loot":0,"total_loot_won":0,"loose_loost":0,"avatar_url":null,"uid":"6cwaQTX","created_at":"2022-06-20T03:20:59.000Z","updated_at":"2022-07-02T11:00:03.000Z","token_id":"e878f9e1-8a75-4d80-95b7-52cd7dd9791a"}', '2022-07-15 05:18:29'),
('d323251c-a265-48bb-93bb-0bd971b0a059', 'eyJhbGciOiJIUzI1NiIsInR5cCI6IkpXVCJ9.eyJpZCI6IjEiLCJ1c2VybmFtZSI6ImFkbWluIiwiZW1haWwiOiJ0YWkuaWN0dUBnbWFpbC5jb20iLCJhY3RpdmUiOjEsImF2YXRhcl91cmwiOiIiLCJjcmVhdGVkX2F0IjoiMjAyMi0wNy0wM1QxNzoyMDo0Ni4wMDBaIiwidXBkYXRlZF9hdCI6IjIwMjItMDctMDNUMTc6MjA6NDYuMDAwWiIsInRva2VuX2lkIjoiZDMyMzI1MWMtYTI2NS00OGJiLTkzYmItMGJkOTcxYjBhMDU5IiwiaWF0IjoxNjU3NjE0ODU0LCJleHAiOjE2NTgyMTk2NTR9.P-dIfA8dEA2-aPSL_l5EKXJNRmDPJXnRPxJ9iDh5Re8', '{"id":"1","username":"admin","email":"tai.ictu@gmail.com","active":1,"avatar_url":"","created_at":"2022-07-03T17:20:46.000Z","updated_at":"2022-07-03T17:20:46.000Z","token_id":"d323251c-a265-48bb-93bb-0bd971b0a059"}', '2022-07-18 20:34:14'),
('29de6755-2119-40a9-90c4-ea46233c945f', 'eyJhbGciOiJIUzI1NiIsInR5cCI6IkpXVCJ9.eyJpZCI6IjEiLCJmdWxsbmFtZSI6IkJlIFRhaSIsIndhbGxldF9hZGRyZXNzIjoiNmN3YVFUWDZGcHVyVXp5YlhRWFc4S2l6WWZvQnlmYmpIS1o5ZkJ1anFrU0siLCJlbWFpbCI6InRhaS5pY3R1QGdtYWlsLmNvbSIsImVtYWlsX3ZlcmlmaWVkX2F0IjoiMjAyMi0wNi0xN1QwMzowOTo0NS4wMDBaIiwiYWN0aXZlIjoxLCJiYWxhbmNlIjo1ODAuNSwidG90YWxfbG9vdCI6MCwidG90YWxfbG9vdF93b24iOjAsImxvb3NlX2xvb3N0IjowLCJhdmF0YXJfdXJsIjpudWxsLCJ1aWQiOiI2Y3dhUVRYIiwiY3JlYXRlZF9hdCI6IjIwMjItMDYtMjBUMDM6MjA6NTkuMDAwWiIsInVwZGF0ZWRfYXQiOiIyMDIyLTA3LTAyVDExOjAwOjAzLjAwMFoiLCJ0b2tlbl9pZCI6IjI5ZGU2NzU1LTIxMTktNDBhOS05MGM0LWVhNDYyMzNjOTQ1ZiIsImlhdCI6MTY1NzIxNDM0NywiZXhwIjoxNjU3ODE5MTQ3fQ.f7TKlrelPCb6Qk9SaFk1kzu9xHGptfKQOHEWl6Xbg2k', '{"id":"1","fullname":"Be Tai","wallet_address":"6cwaQTX6FpurUzybXQXW8KizYfoByfbjHKZ9fBujqkSK","email":"tai.ictu@gmail.com","email_verified_at":"2022-06-17T03:09:45.000Z","active":1,"balance":580.5,"total_loot":0,"total_loot_won":0,"loose_loost":0,"avatar_url":null,"uid":"6cwaQTX","created_at":"2022-06-20T03:20:59.000Z","updated_at":"2022-07-02T11:00:03.000Z","token_id":"29de6755-2119-40a9-90c4-ea46233c945f"}', '2022-07-15 05:19:07'),
('5bd47f29-1907-490b-a871-8aeb65d16307', 'eyJhbGciOiJIUzI1NiIsInR5cCI6IkpXVCJ9.eyJpZCI6IjEiLCJmdWxsbmFtZSI6IkJlIFRhaSIsIndhbGxldF9hZGRyZXNzIjoiNmN3YVFUWDZGcHVyVXp5YlhRWFc4S2l6WWZvQnlmYmpIS1o5ZkJ1anFrU0siLCJlbWFpbCI6InRhaS5pY3R1QGdtYWlsLmNvbSIsImVtYWlsX3ZlcmlmaWVkX2F0IjoiMjAyMi0wNi0xN1QwMzowOTo0NS4wMDBaIiwiYWN0aXZlIjoxLCJiYWxhbmNlIjo1ODAuNSwidG90YWxfbG9vdCI6MCwidG90YWxfbG9vdF93b24iOjAsImxvb3NlX2xvb3N0IjowLCJhdmF0YXJfdXJsIjpudWxsLCJ1aWQiOiI2Y3dhUVRYIiwiY3JlYXRlZF9hdCI6IjIwMjItMDYtMjBUMDM6MjA6NTkuMDAwWiIsInVwZGF0ZWRfYXQiOiIyMDIyLTA3LTAyVDExOjAwOjAzLjAwMFoiLCJ0b2tlbl9pZCI6IjViZDQ3ZjI5LTE5MDctNDkwYi1hODcxLThhZWI2NWQxNjMwNyIsImlhdCI6MTY1NzIyMjE5MiwiZXhwIjoxNjU3ODI2OTkyfQ.5UjsRdO6q-6qnSTYp7lJWbbYH-WSEt7ySjn2GUKT0Rw', '{"id":"1","fullname":"Be Tai","wallet_address":"6cwaQTX6FpurUzybXQXW8KizYfoByfbjHKZ9fBujqkSK","email":"tai.ictu@gmail.com","email_verified_at":"2022-06-17T03:09:45.000Z","active":1,"balance":580.5,"total_loot":0,"total_loot_won":0,"loose_loost":0,"avatar_url":null,"uid":"6cwaQTX","created_at":"2022-06-20T03:20:59.000Z","updated_at":"2022-07-02T11:00:03.000Z","token_id":"5bd47f29-1907-490b-a871-8aeb65d16307"}', '2022-07-14 19:29:52'),
('e990c09c-b026-494a-8027-5ba483cf3945', 'eyJhbGciOiJIUzI1NiIsInR5cCI6IkpXVCJ9.eyJpZCI6IjEiLCJmdWxsbmFtZSI6IkJlIFRhaSIsIndhbGxldF9hZGRyZXNzIjoiNmN3YVFUWDZGcHVyVXp5YlhRWFc4S2l6WWZvQnlmYmpIS1o5ZkJ1anFrU0siLCJlbWFpbCI6InRhaS5pY3R1QGdtYWlsLmNvbSIsImVtYWlsX3ZlcmlmaWVkX2F0IjoiMjAyMi0wNi0xN1QwMzowOTo0NS4wMDBaIiwiYWN0aXZlIjoxLCJiYWxhbmNlIjo1ODAuNSwidG90YWxfbG9vdCI6MCwidG90YWxfbG9vdF93b24iOjAsImxvb3NlX2xvb3N0IjowLCJhdmF0YXJfdXJsIjpudWxsLCJ1aWQiOiI2Y3dhUVRYIiwiY3JlYXRlZF9hdCI6IjIwMjItMDYtMjBUMDM6MjA6NTkuMDAwWiIsInVwZGF0ZWRfYXQiOiIyMDIyLTA3LTAyVDExOjAwOjAzLjAwMFoiLCJ0b2tlbl9pZCI6ImU5OTBjMDljLWIwMjYtNDk0YS04MDI3LTViYTQ4M2NmMzk0NSIsImlhdCI6MTY1NzIyMjIyNiwiZXhwIjoxNjU3ODI3MDI2fQ.hFNPbJfDVLIXH-0jlM-_86rVRudON7V9C1fltdOPVoM', '{"id":"1","fullname":"Be Tai","wallet_address":"6cwaQTX6FpurUzybXQXW8KizYfoByfbjHKZ9fBujqkSK","email":"tai.ictu@gmail.com","email_verified_at":"2022-06-17T03:09:45.000Z","active":1,"balance":580.5,"total_loot":0,"total_loot_won":0,"loose_loost":0,"avatar_url":null,"uid":"6cwaQTX","created_at":"2022-06-20T03:20:59.000Z","updated_at":"2022-07-02T11:00:03.000Z","token_id":"e990c09c-b026-494a-8027-5ba483cf3945"}', '2022-07-14 19:30:26'),
('39b5a869-6fd7-49a1-995c-f1dd3eb9ae5b', 'eyJhbGciOiJIUzI1NiIsInR5cCI6IkpXVCJ9.eyJpZCI6IjEiLCJ1c2VybmFtZSI6ImFkbWluIiwiZW1haWwiOiJ0YWkuaWN0dUBnbWFpbC5jb20iLCJhY3RpdmUiOjEsImF2YXRhcl91cmwiOiIiLCJjcmVhdGVkX2F0IjoiMjAyMi0wNy0wM1QxNzoyMDo0Ni4wMDBaIiwidXBkYXRlZF9hdCI6IjIwMjItMDctMDNUMTc6MjA6NDYuMDAwWiIsInRva2VuX2lkIjoiMzliNWE4NjktNmZkNy00OWExLTk5NWMtZjFkZDNlYjlhZTViIiwiaWF0IjoxNjU3MjIyNTIzLCJleHAiOjE2NTc4MjczMjN9.lDoTqvDSyOxGx9TyUazuCDQKdlV91uf5vPsBoppu-jk', '{"id":"1","username":"admin","email":"tai.ictu@gmail.com","active":1,"avatar_url":"","created_at":"2022-07-03T17:20:46.000Z","updated_at":"2022-07-03T17:20:46.000Z","token_id":"39b5a869-6fd7-49a1-995c-f1dd3eb9ae5b"}', '2022-07-14 19:35:23'),
('bb9db40d-de77-4677-938e-f9e929fa543e', 'eyJhbGciOiJIUzI1NiIsInR5cCI6IkpXVCJ9.eyJpZCI6IjEiLCJmdWxsbmFtZSI6IkJlIFRhaSIsIndhbGxldF9hZGRyZXNzIjoiNmN3YVFUWDZGcHVyVXp5YlhRWFc4S2l6WWZvQnlmYmpIS1o5ZkJ1anFrU0siLCJlbWFpbCI6InRhaS5pY3R1QGdtYWlsLmNvbSIsImVtYWlsX3ZlcmlmaWVkX2F0IjoiMjAyMi0wNi0xN1QwMzowOTo0NS4wMDBaIiwiYWN0aXZlIjoxLCJiYWxhbmNlIjo1ODAuNSwidG90YWxfbG9vdCI6MCwidG90YWxfbG9vdF93b24iOjAsImxvb3NlX2xvb3N0IjowLCJhdmF0YXJfdXJsIjpudWxsLCJ1aWQiOiI2Y3dhUVRYIiwiY3JlYXRlZF9hdCI6IjIwMjItMDYtMjBUMDM6MjA6NTkuMDAwWiIsInVwZGF0ZWRfYXQiOiIyMDIyLTA3LTAyVDExOjAwOjAzLjAwMFoiLCJ0b2tlbl9pZCI6ImJiOWRiNDBkLWRlNzctNDY3Ny05MzhlLWY5ZTkyOWZhNTQzZSIsImlhdCI6MTY1NzMwMDU0OSwiZXhwIjoxNjU3OTA1MzQ5fQ.QXvKMVVcb_EGRvpBG3t4zZUxRZHUuYaMSDUEPT-jC-g', '{"id":"1","fullname":"Be Tai","wallet_address":"6cwaQTX6FpurUzybXQXW8KizYfoByfbjHKZ9fBujqkSK","email":"tai.ictu@gmail.com","email_verified_at":"2022-06-17T03:09:45.000Z","active":1,"balance":580.5,"total_loot":0,"total_loot_won":0,"loose_loost":0,"avatar_url":null,"uid":"6cwaQTX","created_at":"2022-06-20T03:20:59.000Z","updated_at":"2022-07-02T11:00:03.000Z","token_id":"bb9db40d-de77-4677-938e-f9e929fa543e"}', '2022-07-16 05:15:49'),
('7a67f611-7c21-4cee-8713-749b186afb2c', 'eyJhbGciOiJIUzI1NiIsInR5cCI6IkpXVCJ9.eyJpZCI6IjEiLCJmdWxsbmFtZSI6IkJlIFRhaSIsIndhbGxldF9hZGRyZXNzIjoiNmN3YVFUWDZGcHVyVXp5YlhRWFc4S2l6WWZvQnlmYmpIS1o5ZkJ1anFrU0siLCJlbWFpbCI6InRhaS5pY3R1QGdtYWlsLmNvbSIsImVtYWlsX3ZlcmlmaWVkX2F0IjoiMjAyMi0wNi0xN1QwMzowOTo0NS4wMDBaIiwiYWN0aXZlIjoxLCJiYWxhbmNlIjo1ODAuNSwidG90YWxfbG9vdCI6MCwidG90YWxfbG9vdF93b24iOjAsImxvb3NlX2xvb3N0IjowLCJhdmF0YXJfdXJsIjpudWxsLCJ1aWQiOiI2Y3dhUVRYIiwiY3JlYXRlZF9hdCI6IjIwMjItMDYtMjBUMDM6MjA6NTkuMDAwWiIsInVwZGF0ZWRfYXQiOiIyMDIyLTA3LTAyVDExOjAwOjAzLjAwMFoiLCJ0b2tlbl9pZCI6IjdhNjdmNjExLTdjMjEtNGNlZS04NzEzLTc0OWIxODZhZmIyYyIsImlhdCI6MTY1NzMwMDU2OCwiZXhwIjoxNjU3OTA1MzY4fQ.HtSgj8Z3B-7RRf2NoG1VUeo7JWxr3IXWb3ZF3Vgwy7o', '{"id":"1","fullname":"Be Tai","wallet_address":"6cwaQTX6FpurUzybXQXW8KizYfoByfbjHKZ9fBujqkSK","email":"tai.ictu@gmail.com","email_verified_at":"2022-06-17T03:09:45.000Z","active":1,"balance":580.5,"total_loot":0,"total_loot_won":0,"loose_loost":0,"avatar_url":null,"uid":"6cwaQTX","created_at":"2022-06-20T03:20:59.000Z","updated_at":"2022-07-02T11:00:03.000Z","token_id":"7a67f611-7c21-4cee-8713-749b186afb2c"}', '2022-07-16 05:16:08'),
('f2dbee75-764f-4c9a-8508-ab64cb017811', 'eyJhbGciOiJIUzI1NiIsInR5cCI6IkpXVCJ9.eyJpZCI6IjEiLCJmdWxsbmFtZSI6IkJlIFRhaSIsIndhbGxldF9hZGRyZXNzIjoiNmN3YVFUWDZGcHVyVXp5YlhRWFc4S2l6WWZvQnlmYmpIS1o5ZkJ1anFrU0siLCJlbWFpbCI6InRhaS5pY3R1QGdtYWlsLmNvbSIsImVtYWlsX3ZlcmlmaWVkX2F0IjoiMjAyMi0wNi0xN1QwMzowOTo0NS4wMDBaIiwiYWN0aXZlIjoxLCJiYWxhbmNlIjo1ODAuNSwidG90YWxfbG9vdCI6MCwidG90YWxfbG9vdF93b24iOjAsImxvb3NlX2xvb3N0IjowLCJhdmF0YXJfdXJsIjpudWxsLCJ1aWQiOiI2Y3dhUVRYIiwiY3JlYXRlZF9hdCI6IjIwMjItMDYtMjBUMDM6MjA6NTkuMDAwWiIsInVwZGF0ZWRfYXQiOiIyMDIyLTA3LTAyVDExOjAwOjAzLjAwMFoiLCJ0b2tlbl9pZCI6ImYyZGJlZTc1LTc2NGYtNGM5YS04NTA4LWFiNjRjYjAxNzgxMSIsImlhdCI6MTY1NzQyMTg4MCwiZXhwIjoxNjU4MDI2NjgwfQ.TZvPJW3aSolcVf5mqXHXey5Eb868R_QXFAQcqmYAU2E', '{"id":"1","fullname":"Be Tai","wallet_address":"6cwaQTX6FpurUzybXQXW8KizYfoByfbjHKZ9fBujqkSK","email":"tai.ictu@gmail.com","email_verified_at":"2022-06-17T03:09:45.000Z","active":1,"balance":580.5,"total_loot":0,"total_loot_won":0,"loose_loost":0,"avatar_url":null,"uid":"6cwaQTX","created_at":"2022-06-20T03:20:59.000Z","updated_at":"2022-07-02T11:00:03.000Z","token_id":"f2dbee75-764f-4c9a-8508-ab64cb017811"}', '2022-07-17 02:58:00'),
('6b247a13-59fd-45b2-a885-e103690f6ff3', 'eyJhbGciOiJIUzI1NiIsInR5cCI6IkpXVCJ9.eyJpZCI6IjEiLCJ1c2VybmFtZSI6ImFkbWluIiwiZW1haWwiOiJ0YWkuaWN0dUBnbWFpbC5jb20iLCJhY3RpdmUiOjEsImF2YXRhcl91cmwiOiIiLCJjcmVhdGVkX2F0IjoiMjAyMi0wNy0wM1QxNzoyMDo0Ni4wMDBaIiwidXBkYXRlZF9hdCI6IjIwMjItMDctMDNUMTc6MjA6NDYuMDAwWiIsInRva2VuX2lkIjoiNmIyNDdhMTMtNTlmZC00NWIyLWE4ODUtZTEwMzY5MGY2ZmYzIiwiaWF0IjoxNjU3NzA1MzA3LCJleHAiOjE2NTgzMTAxMDd9.pXceusN4Vig6xfPhcA6iL0GfeTQmpZ7BvxlUUmUvRII', '{"id":"1","username":"admin","email":"tai.ictu@gmail.com","active":1,"avatar_url":"","created_at":"2022-07-03T17:20:46.000Z","updated_at":"2022-07-03T17:20:46.000Z","token_id":"6b247a13-59fd-45b2-a885-e103690f6ff3"}', '2022-07-19 21:41:47'),
('ff8118a6-3354-40b0-8635-a74988c2e684', 'eyJhbGciOiJIUzI1NiIsInR5cCI6IkpXVCJ9.eyJpZCI6IjEiLCJ1c2VybmFtZSI6ImFkbWluIiwiZW1haWwiOiJ0YWkuaWN0dUBnbWFpbC5jb20iLCJhY3RpdmUiOjEsImF2YXRhcl91cmwiOiIiLCJjcmVhdGVkX2F0IjoiMjAyMi0wNy0wM1QxNzoyMDo0Ni4wMDBaIiwidXBkYXRlZF9hdCI6IjIwMjItMDctMDNUMTc6MjA6NDYuMDAwWiIsInRva2VuX2lkIjoiZmY4MTE4YTYtMzM1NC00MGIwLTg2MzUtYTc0OTg4YzJlNjg0IiwiaWF0IjoxNjU3Nzg2MDMzLCJleHAiOjE2NTgzOTA4MzN9.kvWNV2plMAA5p920C2SkPmVUDhI0SCyrSOCAtnkAytw', '{"id":"1","username":"admin","email":"tai.ictu@gmail.com","active":1,"avatar_url":"","created_at":"2022-07-03T17:20:46.000Z","updated_at":"2022-07-03T17:20:46.000Z","token_id":"ff8118a6-3354-40b0-8635-a74988c2e684"}', '2022-07-20 20:07:13'),
('10f1d8a4-627d-4d9f-a72f-e3053f4fd2e1', 'eyJhbGciOiJIUzI1NiIsInR5cCI6IkpXVCJ9.eyJpZCI6IjEiLCJmdWxsbmFtZSI6IkJlIFRhaSIsIndhbGxldF9hZGRyZXNzIjoiNmN3YVFUWDZGcHVyVXp5YlhRWFc4S2l6WWZvQnlmYmpIS1o5ZkJ1anFrU0siLCJlbWFpbCI6InRhaS5pY3R1QGdtYWlsLmNvbSIsImVtYWlsX3ZlcmlmaWVkX2F0IjoiMjAyMi0wNi0xN1QwMzowOTo0NS4wMDBaIiwiYWN0aXZlIjoxLCJiYWxhbmNlIjo1ODAuNSwidG90YWxfbG9vdCI6MCwidG90YWxfbG9vdF93b24iOjAsImxvb3NlX2xvb3N0IjowLCJhdmF0YXJfdXJsIjpudWxsLCJ1aWQiOiI2Y3dhUVRYIiwiY3JlYXRlZF9hdCI6IjIwMjItMDYtMjBUMDM6MjA6NTkuMDAwWiIsInVwZGF0ZWRfYXQiOiIyMDIyLTA3LTAyVDExOjAwOjAzLjAwMFoiLCJ0b2tlbl9pZCI6IjEwZjFkOGE0LTYyN2QtNGQ5Zi1hNzJmLWUzMDUzZjRmZDJlMSIsImlhdCI6MTY1Nzc4ODgyNCwiZXhwIjoxNjU4MzkzNjI0fQ.-oaEDHFHzDh0_vyosEZZ5ow6TIItizUR5_WFg4kG2I4', '{"id":"1","fullname":"Be Tai","wallet_address":"6cwaQTX6FpurUzybXQXW8KizYfoByfbjHKZ9fBujqkSK","email":"tai.ictu@gmail.com","email_verified_at":"2022-06-17T03:09:45.000Z","active":1,"balance":580.5,"total_loot":0,"total_loot_won":0,"loose_loost":0,"avatar_url":null,"uid":"6cwaQTX","created_at":"2022-06-20T03:20:59.000Z","updated_at":"2022-07-02T11:00:03.000Z","token_id":"10f1d8a4-627d-4d9f-a72f-e3053f4fd2e1"}', '2022-07-20 20:53:44'),
('5f5379d6-b483-4787-b169-982f7fbe200d', 'eyJhbGciOiJIUzI1NiIsInR5cCI6IkpXVCJ9.eyJpZCI6IjEiLCJmdWxsbmFtZSI6IkJlIFRhaSIsIndhbGxldF9hZGRyZXNzIjoiNmN3YVFUWDZGcHVyVXp5YlhRWFc4S2l6WWZvQnlmYmpIS1o5ZkJ1anFrU0siLCJlbWFpbCI6InRhaS5pY3R1QGdtYWlsLmNvbSIsImVtYWlsX3ZlcmlmaWVkX2F0IjoiMjAyMi0wNi0xN1QwMzowOTo0NS4wMDBaIiwiYWN0aXZlIjoxLCJiYWxhbmNlIjo1ODAuNSwidG90YWxfbG9vdCI6MCwidG90YWxfbG9vdF93b24iOjAsImxvb3NlX2xvb3N0IjowLCJhdmF0YXJfdXJsIjpudWxsLCJ1aWQiOiI2Y3dhUVRYIiwiY3JlYXRlZF9hdCI6IjIwMjItMDYtMjBUMDM6MjA6NTkuMDAwWiIsInVwZGF0ZWRfYXQiOiIyMDIyLTA3LTAyVDExOjAwOjAzLjAwMFoiLCJ0b2tlbl9pZCI6IjVmNTM3OWQ2LWI0ODMtNDc4Ny1iMTY5LTk4MmY3ZmJlMjAwZCIsImlhdCI6MTY1NzgxOTgwOCwiZXhwIjoxNjU4NDI0NjA4fQ.p7xlHB51xI_oWosMGy-G8uK1BLbSVUII1pSW8RQ5fGM', '{"id":"1","fullname":"Be Tai","wallet_address":"6cwaQTX6FpurUzybXQXW8KizYfoByfbjHKZ9fBujqkSK","email":"tai.ictu@gmail.com","email_verified_at":"2022-06-17T03:09:45.000Z","active":1,"balance":580.5,"total_loot":0,"total_loot_won":0,"loose_loost":0,"avatar_url":null,"uid":"6cwaQTX","created_at":"2022-06-20T03:20:59.000Z","updated_at":"2022-07-02T11:00:03.000Z","token_id":"5f5379d6-b483-4787-b169-982f7fbe200d"}', '2022-07-22 05:30:08'),
('ce47ef0b-3afc-480b-ad86-2395ae57a469', 'eyJhbGciOiJIUzI1NiIsInR5cCI6IkpXVCJ9.eyJpZCI6IjEiLCJmdWxsbmFtZSI6IkJlIFRhaSIsIndhbGxldF9hZGRyZXNzIjoiNmN3YVFUWDZGcHVyVXp5YlhRWFc4S2l6WWZvQnlmYmpIS1o5ZkJ1anFrU0siLCJlbWFpbCI6InRhaS5pY3R1QGdtYWlsLmNvbSIsImVtYWlsX3ZlcmlmaWVkX2F0IjoiMjAyMi0wNi0xN1QwMzowOTo0NS4wMDBaIiwiYWN0aXZlIjoxLCJiYWxhbmNlIjo1ODAuNSwidG90YWxfbG9vdCI6MCwidG90YWxfbG9vdF93b24iOjAsImxvb3NlX2xvb3N0IjowLCJhdmF0YXJfdXJsIjpudWxsLCJ1aWQiOiI2Y3dhUVRYIiwiY3JlYXRlZF9hdCI6IjIwMjItMDYtMjBUMDM6MjA6NTkuMDAwWiIsInVwZGF0ZWRfYXQiOiIyMDIyLTA3LTAyVDExOjAwOjAzLjAwMFoiLCJ0b2tlbl9pZCI6ImNlNDdlZjBiLTNhZmMtNDgwYi1hZDg2LTIzOTVhZTU3YTQ2OSIsImlhdCI6MTY1NzgxOTg0NCwiZXhwIjoxNjU4NDI0NjQ0fQ.Tb_H2XZVwMzC5iGrk6D8SIfBY-M0-5oIralH-ITm-vo', '{"id":"1","fullname":"Be Tai","wallet_address":"6cwaQTX6FpurUzybXQXW8KizYfoByfbjHKZ9fBujqkSK","email":"tai.ictu@gmail.com","email_verified_at":"2022-06-17T03:09:45.000Z","active":1,"balance":580.5,"total_loot":0,"total_loot_won":0,"loose_loost":0,"avatar_url":null,"uid":"6cwaQTX","created_at":"2022-06-20T03:20:59.000Z","updated_at":"2022-07-02T11:00:03.000Z","token_id":"ce47ef0b-3afc-480b-ad86-2395ae57a469"}', '2022-07-22 05:30:44'),
('3e88352c-5b98-40e9-bf6e-afcd0a3582d8', 'eyJhbGciOiJIUzI1NiIsInR5cCI6IkpXVCJ9.eyJpZCI6IjEiLCJmdWxsbmFtZSI6IkJlIFRhaSIsIndhbGxldF9hZGRyZXNzIjoiNmN3YVFUWDZGcHVyVXp5YlhRWFc4S2l6WWZvQnlmYmpIS1o5ZkJ1anFrU0siLCJlbWFpbCI6InRhaS5pY3R1QGdtYWlsLmNvbSIsImVtYWlsX3ZlcmlmaWVkX2F0IjoiMjAyMi0wNi0xN1QwMzowOTo0NS4wMDBaIiwiYWN0aXZlIjoxLCJiYWxhbmNlIjo1ODAuNSwidG90YWxfbG9vdCI6MCwidG90YWxfbG9vdF93b24iOjAsImxvb3NlX2xvb3N0IjowLCJhdmF0YXJfdXJsIjpudWxsLCJ1aWQiOiI2Y3dhUVRYIiwiY3JlYXRlZF9hdCI6IjIwMjItMDYtMjBUMDM6MjA6NTkuMDAwWiIsInVwZGF0ZWRfYXQiOiIyMDIyLTA3LTAyVDExOjAwOjAzLjAwMFoiLCJ0b2tlbl9pZCI6IjNlODgzNTJjLTViOTgtNDBlOS1iZjZlLWFmY2QwYTM1ODJkOCIsImlhdCI6MTY1NzgxOTkxMSwiZXhwIjoxNjU4NDI0NzExfQ.Li74Rgk_k6r0OPqjZBxISnLUqqiGEPWsyWhs2KHXooQ', '{"id":"1","fullname":"Be Tai","wallet_address":"6cwaQTX6FpurUzybXQXW8KizYfoByfbjHKZ9fBujqkSK","email":"tai.ictu@gmail.com","email_verified_at":"2022-06-17T03:09:45.000Z","active":1,"balance":580.5,"total_loot":0,"total_loot_won":0,"loose_loost":0,"avatar_url":null,"uid":"6cwaQTX","created_at":"2022-06-20T03:20:59.000Z","updated_at":"2022-07-02T11:00:03.000Z","token_id":"3e88352c-5b98-40e9-bf6e-afcd0a3582d8"}', '2022-07-22 05:31:51'),
('07ac0132-17fa-47aa-84eb-b6f951377992', 'eyJhbGciOiJIUzI1NiIsInR5cCI6IkpXVCJ9.eyJpZCI6IjEiLCJmdWxsbmFtZSI6IkJlIFRhaSIsIndhbGxldF9hZGRyZXNzIjoiNmN3YVFUWDZGcHVyVXp5YlhRWFc4S2l6WWZvQnlmYmpIS1o5ZkJ1anFrU0siLCJlbWFpbCI6InRhaS5pY3R1QGdtYWlsLmNvbSIsImVtYWlsX3ZlcmlmaWVkX2F0IjoiMjAyMi0wNi0xN1QwMzowOTo0NS4wMDBaIiwiYWN0aXZlIjoxLCJiYWxhbmNlIjo1ODAuNSwidG90YWxfbG9vdCI6MCwidG90YWxfbG9vdF93b24iOjAsImxvb3NlX2xvb3N0IjowLCJhdmF0YXJfdXJsIjpudWxsLCJ1aWQiOiI2Y3dhUVRYIiwiY3JlYXRlZF9hdCI6IjIwMjItMDYtMjBUMDM6MjA6NTkuMDAwWiIsInVwZGF0ZWRfYXQiOiIyMDIyLTA3LTAyVDExOjAwOjAzLjAwMFoiLCJ0b2tlbl9pZCI6IjA3YWMwMTMyLTE3ZmEtNDdhYS04NGViLWI2Zjk1MTM3Nzk5MiIsImlhdCI6MTY1NzgyMDQ0NiwiZXhwIjoxNjU4NDI1MjQ2fQ.fJ8dT75lbfoiGBYly8zZ5OD4F-aq8FMCaixpC8Bzomg', '{"id":"1","fullname":"Be Tai","wallet_address":"6cwaQTX6FpurUzybXQXW8KizYfoByfbjHKZ9fBujqkSK","email":"tai.ictu@gmail.com","email_verified_at":"2022-06-17T03:09:45.000Z","active":1,"balance":580.5,"total_loot":0,"total_loot_won":0,"loose_loost":0,"avatar_url":null,"uid":"6cwaQTX","created_at":"2022-06-20T03:20:59.000Z","updated_at":"2022-07-02T11:00:03.000Z","token_id":"07ac0132-17fa-47aa-84eb-b6f951377992"}', '2022-07-22 05:40:46'),
('703a6c5f-f5b8-4b27-8c14-53c866015768', 'eyJhbGciOiJIUzI1NiIsInR5cCI6IkpXVCJ9.eyJpZCI6IjEiLCJmdWxsbmFtZSI6IkJlIFRhaSIsIndhbGxldF9hZGRyZXNzIjoiNmN3YVFUWDZGcHVyVXp5YlhRWFc4S2l6WWZvQnlmYmpIS1o5ZkJ1anFrU0siLCJlbWFpbCI6InRhaS5pY3R1QGdtYWlsLmNvbSIsImVtYWlsX3ZlcmlmaWVkX2F0IjoiMjAyMi0wNi0xN1QwMzowOTo0NS4wMDBaIiwiYWN0aXZlIjoxLCJiYWxhbmNlIjo1ODAuNSwidG90YWxfbG9vdCI6MCwidG90YWxfbG9vdF93b24iOjAsImxvb3NlX2xvb3N0IjowLCJhdmF0YXJfdXJsIjpudWxsLCJ1aWQiOiI2Y3dhUVRYIiwiY3JlYXRlZF9hdCI6IjIwMjItMDYtMjBUMDM6MjA6NTkuMDAwWiIsInVwZGF0ZWRfYXQiOiIyMDIyLTA3LTAyVDExOjAwOjAzLjAwMFoiLCJ0b2tlbl9pZCI6IjcwM2E2YzVmLWY1YjgtNGIyNy04YzE0LTUzYzg2NjAxNTc2OCIsImlhdCI6MTY1NzgyMTQ3MywiZXhwIjoxNjU4NDI2MjczfQ.ulwoj4EvBqKrlw7iCx7Huq3CaBC6fAOkTu0mQmbSi3M', '{"id":"1","fullname":"Be Tai","wallet_address":"6cwaQTX6FpurUzybXQXW8KizYfoByfbjHKZ9fBujqkSK","email":"tai.ictu@gmail.com","email_verified_at":"2022-06-17T03:09:45.000Z","active":1,"balance":580.5,"total_loot":0,"total_loot_won":0,"loose_loost":0,"avatar_url":null,"uid":"6cwaQTX","created_at":"2022-06-20T03:20:59.000Z","updated_at":"2022-07-02T11:00:03.000Z","token_id":"703a6c5f-f5b8-4b27-8c14-53c866015768"}', '2022-07-22 05:57:53'),
('b19eea68-f96a-40ae-b055-5c5365fe884f', 'eyJhbGciOiJIUzI1NiIsInR5cCI6IkpXVCJ9.eyJpZCI6IjEiLCJmdWxsbmFtZSI6IkJlIFRhaSIsIndhbGxldF9hZGRyZXNzIjoiNmN3YVFUWDZGcHVyVXp5YlhRWFc4S2l6WWZvQnlmYmpIS1o5ZkJ1anFrU0siLCJlbWFpbCI6InRhaS5pY3R1QGdtYWlsLmNvbSIsImVtYWlsX3ZlcmlmaWVkX2F0IjoiMjAyMi0wNi0xN1QwMzowOTo0NS4wMDBaIiwiYWN0aXZlIjoxLCJiYWxhbmNlIjo1ODAuNSwidG90YWxfbG9vdCI6MCwidG90YWxfbG9vdF93b24iOjAsImxvb3NlX2xvb3N0IjowLCJhdmF0YXJfdXJsIjpudWxsLCJ1aWQiOiI2Y3dhUVRYIiwiY3JlYXRlZF9hdCI6IjIwMjItMDYtMjBUMDM6MjA6NTkuMDAwWiIsInVwZGF0ZWRfYXQiOiIyMDIyLTA3LTAyVDExOjAwOjAzLjAwMFoiLCJ0b2tlbl9pZCI6ImIxOWVlYTY4LWY5NmEtNDBhZS1iMDU1LTVjNTM2NWZlODg0ZiIsImlhdCI6MTY1NzgyMTY5NCwiZXhwIjoxNjU4NDI2NDk0fQ.Nym-z9QJOaWajcfSsJ57eT87NM1c4zdQKvKIo3U23b8', '{"id":"1","fullname":"Be Tai","wallet_address":"6cwaQTX6FpurUzybXQXW8KizYfoByfbjHKZ9fBujqkSK","email":"tai.ictu@gmail.com","email_verified_at":"2022-06-17T03:09:45.000Z","active":1,"balance":580.5,"total_loot":0,"total_loot_won":0,"loose_loost":0,"avatar_url":null,"uid":"6cwaQTX","created_at":"2022-06-20T03:20:59.000Z","updated_at":"2022-07-02T11:00:03.000Z","token_id":"b19eea68-f96a-40ae-b055-5c5365fe884f"}', '2022-07-21 18:01:34'),
('0b40b876-c477-4e51-b90e-6fcb22b2682c', 'eyJhbGciOiJIUzI1NiIsInR5cCI6IkpXVCJ9.eyJpZCI6IjEiLCJ1c2VybmFtZSI6ImFkbWluIiwiZW1haWwiOiJ0YWkuaWN0dUBnbWFpbC5jb20iLCJhY3RpdmUiOjEsImF2YXRhcl91cmwiOiIiLCJjcmVhdGVkX2F0IjoiMjAyMi0wNy0wM1QxNzoyMDo0Ni4wMDBaIiwidXBkYXRlZF9hdCI6IjIwMjItMDctMDNUMTc6MjA6NDYuMDAwWiIsInRva2VuX2lkIjoiMGI0MGI4NzYtYzQ3Ny00ZTUxLWI5MGUtNmZjYjIyYjI2ODJjIiwiaWF0IjoxNjU3ODkyOTI0LCJleHAiOjE2NTg0OTc3MjR9.F-sl7XcT0ZuYya725YtmqkUTFUhPGsUNQCHe4Q3yCJw', '{"id":"1","username":"admin","email":"tai.ictu@gmail.com","active":1,"avatar_url":"","created_at":"2022-07-03T17:20:46.000Z","updated_at":"2022-07-03T17:20:46.000Z","token_id":"0b40b876-c477-4e51-b90e-6fcb22b2682c"}', '2022-07-22 01:48:44'),
('5c9bbd61-4062-4cd6-82ae-d1899a8f3f9f', 'eyJhbGciOiJIUzI1NiIsInR5cCI6IkpXVCJ9.eyJpZCI6IjEiLCJmdWxsbmFtZSI6IkJlIFRhaSIsIndhbGxldF9hZGRyZXNzIjoiNmN3YVFUWDZGcHVyVXp5YlhRWFc4S2l6WWZvQnlmYmpIS1o5ZkJ1anFrU0siLCJlbWFpbCI6InRhaS5pY3R1QGdtYWlsLmNvbSIsImVtYWlsX3ZlcmlmaWVkX2F0IjoiMjAyMi0wNi0xN1QwMzowOTo0NS4wMDBaIiwiYWN0aXZlIjoxLCJiYWxhbmNlIjo1ODAuNSwidG90YWxfbG9vdCI6MCwidG90YWxfbG9vdF93b24iOjAsImxvb3NlX2xvb3N0IjowLCJhdmF0YXJfdXJsIjpudWxsLCJ1aWQiOiI2Y3dhUVRYIiwiY3JlYXRlZF9hdCI6IjIwMjItMDYtMjBUMDM6MjA6NTkuMDAwWiIsInVwZGF0ZWRfYXQiOiIyMDIyLTA3LTAyVDExOjAwOjAzLjAwMFoiLCJ0b2tlbl9pZCI6IjVjOWJiZDYxLTQwNjItNGNkNi04MmFlLWQxODk5YThmM2Y5ZiIsImlhdCI6MTY1NzkzNDgyMywiZXhwIjoxNjU4NTM5NjIzfQ.4XKYZ7wCc152uMuVhzFMiaJEBdW2gpMvUM60WaXHiq4', '{"id":"1","fullname":"Be Tai","wallet_address":"6cwaQTX6FpurUzybXQXW8KizYfoByfbjHKZ9fBujqkSK","email":"tai.ictu@gmail.com","email_verified_at":"2022-06-17T03:09:45.000Z","active":1,"balance":580.5,"total_loot":0,"total_loot_won":0,"loose_loost":0,"avatar_url":null,"uid":"6cwaQTX","created_at":"2022-06-20T03:20:59.000Z","updated_at":"2022-07-02T11:00:03.000Z","token_id":"5c9bbd61-4062-4cd6-82ae-d1899a8f3f9f"}', '2022-07-23 01:27:03'),
('8bc04810-f4f5-4241-8a8a-143ce3d423a4', 'eyJhbGciOiJIUzI1NiIsInR5cCI6IkpXVCJ9.eyJpZCI6IjEiLCJ1c2VybmFtZSI6ImFkbWluIiwiZW1haWwiOiJ0YWkuaWN0dUBnbWFpbC5jb20iLCJhY3RpdmUiOjEsImF2YXRhcl91cmwiOiIiLCJjcmVhdGVkX2F0IjoiMjAyMi0wNy0wM1QxNzoyMDo0Ni4wMDBaIiwidXBkYXRlZF9hdCI6IjIwMjItMDctMDNUMTc6MjA6NDYuMDAwWiIsInRva2VuX2lkIjoiOGJjMDQ4MTAtZjRmNS00MjQxLThhOGEtMTQzY2UzZDQyM2E0IiwiaWF0IjoxNjU3OTM0OTgyLCJleHAiOjE2NTg1Mzk3ODJ9.xUSASMUVYmtDsD3svpQjbELli7r_5HeOo0CcTRJZdD0', '{"id":"1","username":"admin","email":"tai.ictu@gmail.com","active":1,"avatar_url":"","created_at":"2022-07-03T17:20:46.000Z","updated_at":"2022-07-03T17:20:46.000Z","token_id":"8bc04810-f4f5-4241-8a8a-143ce3d423a4"}', '2022-07-23 01:29:42'),
('527a9515-55e0-4893-92f0-af93109ab768', 'eyJhbGciOiJIUzI1NiIsInR5cCI6IkpXVCJ9.eyJpZCI6IjEiLCJ1c2VybmFtZSI6ImFkbWluIiwiZW1haWwiOiJ0YWkuaWN0dUBnbWFpbC5jb20iLCJhY3RpdmUiOjEsImF2YXRhcl91cmwiOiIiLCJjcmVhdGVkX2F0IjoiMjAyMi0wNy0wM1QxNzoyMDo0Ni4wMDBaIiwidXBkYXRlZF9hdCI6IjIwMjItMDctMDNUMTc6MjA6NDYuMDAwWiIsInRva2VuX2lkIjoiNTI3YTk1MTUtNTVlMC00ODkzLTkyZjAtYWY5MzEwOWFiNzY4IiwiaWF0IjoxNjU3OTM1NTg2LCJleHAiOjE2NTg1NDAzODZ9.-Yb2Glj-wg1GHTkYoGNIkOXOjBJ4q6cPsbygmYh0_-E', '{"id":"1","username":"admin","email":"tai.ictu@gmail.com","active":1,"avatar_url":"","created_at":"2022-07-03T17:20:46.000Z","updated_at":"2022-07-03T17:20:46.000Z","token_id":"527a9515-55e0-4893-92f0-af93109ab768"}', '2022-07-23 01:39:46'),
('23a0395b-1922-400e-bd96-907edf8f5702', 'eyJhbGciOiJIUzI1NiIsInR5cCI6IkpXVCJ9.eyJpZCI6IjEiLCJ1c2VybmFtZSI6ImFkbWluIiwiZW1haWwiOiJ0YWkuaWN0dUBnbWFpbC5jb20iLCJhY3RpdmUiOjEsImF2YXRhcl91cmwiOiIiLCJjcmVhdGVkX2F0IjoiMjAyMi0wNy0wM1QxNzoyMDo0Ni4wMDBaIiwidXBkYXRlZF9hdCI6IjIwMjItMDctMDNUMTc6MjA6NDYuMDAwWiIsInRva2VuX2lkIjoiMjNhMDM5NWItMTkyMi00MDBlLWJkOTYtOTA3ZWRmOGY1NzAyIiwiaWF0IjoxNjU3OTM1NjEwLCJleHAiOjE2NTg1NDA0MTB9.WOkbBGkcgFUyNe7NEuHZufNYyZ1qz7dCK7aRguGkuzQ', '{"id":"1","username":"admin","email":"tai.ictu@gmail.com","active":1,"avatar_url":"","created_at":"2022-07-03T17:20:46.000Z","updated_at":"2022-07-03T17:20:46.000Z","token_id":"23a0395b-1922-400e-bd96-907edf8f5702"}', '2022-07-23 01:40:10'),
('9668c8e4-d6a2-436a-a6ae-bc313ce097ca', 'eyJhbGciOiJIUzI1NiIsInR5cCI6IkpXVCJ9.eyJpZCI6IjEiLCJ1c2VybmFtZSI6ImFkbWluIiwiZW1haWwiOiJ0YWkuaWN0dUBnbWFpbC5jb20iLCJhY3RpdmUiOjEsImF2YXRhcl91cmwiOiIiLCJjcmVhdGVkX2F0IjoiMjAyMi0wNy0wM1QxNzoyMDo0Ni4wMDBaIiwidXBkYXRlZF9hdCI6IjIwMjItMDctMDNUMTc6MjA6NDYuMDAwWiIsInRva2VuX2lkIjoiOTY2OGM4ZTQtZDZhMi00MzZhLWE2YWUtYmMzMTNjZTA5N2NhIiwiaWF0IjoxNjU3OTM1NjMzLCJleHAiOjE2NTg1NDA0MzN9.5iGMVKF_fqwYusC81paC93mIJZQwkeUyYSP7ol0RhI8', '{"id":"1","username":"admin","email":"tai.ictu@gmail.com","active":1,"avatar_url":"","created_at":"2022-07-03T17:20:46.000Z","updated_at":"2022-07-03T17:20:46.000Z","token_id":"9668c8e4-d6a2-436a-a6ae-bc313ce097ca"}', '2022-07-23 01:40:33'),
('1dee3ec5-1b27-4d01-8d6f-320eaf8816c2', 'eyJhbGciOiJIUzI1NiIsInR5cCI6IkpXVCJ9.eyJpZCI6IjEiLCJmdWxsbmFtZSI6IkJlIFRhaSIsIndhbGxldF9hZGRyZXNzIjoiNmN3YVFUWDZGcHVyVXp5YlhRWFc4S2l6WWZvQnlmYmpIS1o5ZkJ1anFrU0siLCJlbWFpbCI6InRhaS5pY3R1QGdtYWlsLmNvbSIsImVtYWlsX3ZlcmlmaWVkX2F0IjoiMjAyMi0wNi0xN1QwMzowOTo0NS4wMDBaIiwiYWN0aXZlIjoxLCJiYWxhbmNlIjo1ODAuNSwidG90YWxfbG9vdCI6MCwidG90YWxfbG9vdF93b24iOjAsImxvb3NlX2xvb3N0IjowLCJhdmF0YXJfdXJsIjpudWxsLCJ1aWQiOiI2Y3dhUVRYIiwiY3JlYXRlZF9hdCI6IjIwMjItMDYtMjBUMDM6MjA6NTkuMDAwWiIsInVwZGF0ZWRfYXQiOiIyMDIyLTA3LTAyVDExOjAwOjAzLjAwMFoiLCJ0b2tlbl9pZCI6IjFkZWUzZWM1LTFiMjctNGQwMS04ZDZmLTMyMGVhZjg4MTZjMiIsImlhdCI6MTY1NzkzODI5MSwiZXhwIjoxNjU4NTQzMDkxfQ.-6INP19cq9xafxAELucFyL1X9LVo58flt7egDdHuHBE', '{"id":"1","fullname":"Be Tai","wallet_address":"6cwaQTX6FpurUzybXQXW8KizYfoByfbjHKZ9fBujqkSK","email":"tai.ictu@gmail.com","email_verified_at":"2022-06-17T03:09:45.000Z","active":1,"balance":580.5,"total_loot":0,"total_loot_won":0,"loose_loost":0,"avatar_url":null,"uid":"6cwaQTX","created_at":"2022-06-20T03:20:59.000Z","updated_at":"2022-07-02T11:00:03.000Z","token_id":"1dee3ec5-1b27-4d01-8d6f-320eaf8816c2"}', '2022-07-23 02:24:51'),
('da9d4de1-5d42-4936-990c-801973f3640f', 'eyJhbGciOiJIUzI1NiIsInR5cCI6IkpXVCJ9.eyJpZCI6IjEiLCJmdWxsbmFtZSI6IkJlIFRhaSIsIndhbGxldF9hZGRyZXNzIjoiNmN3YVFUWDZGcHVyVXp5YlhRWFc4S2l6WWZvQnlmYmpIS1o5ZkJ1anFrU0siLCJlbWFpbCI6InRhaS5pY3R1QGdtYWlsLmNvbSIsImVtYWlsX3ZlcmlmaWVkX2F0IjoiMjAyMi0wNi0xN1QwMzowOTo0NS4wMDBaIiwiYWN0aXZlIjoxLCJiYWxhbmNlIjo1ODAuNSwidG90YWxfbG9vdCI6MCwidG90YWxfbG9vdF93b24iOjAsImxvb3NlX2xvb3N0IjowLCJhdmF0YXJfdXJsIjpudWxsLCJ1aWQiOiI2Y3dhUVRYIiwiY3JlYXRlZF9hdCI6IjIwMjItMDYtMjBUMDM6MjA6NTkuMDAwWiIsInVwZGF0ZWRfYXQiOiIyMDIyLTA3LTAyVDExOjAwOjAzLjAwMFoiLCJ0b2tlbl9pZCI6ImRhOWQ0ZGUxLTVkNDItNDkzNi05OTBjLTgwMTk3M2YzNjQwZiIsImlhdCI6MTY1Nzk0MDEzOSwiZXhwIjoxNjU4NTQ0OTM5fQ.R7u2r086djbw-64Cd06fGJiH1hwC1v88bQPCd4wYZXo', '{"id":"1","fullname":"Be Tai","wallet_address":"6cwaQTX6FpurUzybXQXW8KizYfoByfbjHKZ9fBujqkSK","email":"tai.ictu@gmail.com","email_verified_at":"2022-06-17T03:09:45.000Z","active":1,"balance":580.5,"total_loot":0,"total_loot_won":0,"loose_loost":0,"avatar_url":null,"uid":"6cwaQTX","created_at":"2022-06-20T03:20:59.000Z","updated_at":"2022-07-02T11:00:03.000Z","token_id":"da9d4de1-5d42-4936-990c-801973f3640f"}', '2022-07-23 02:55:39'),
('3fa3e6cc-42fb-46cb-bbb5-c67c2316b5ea', 'eyJhbGciOiJIUzI1NiIsInR5cCI6IkpXVCJ9.eyJpZCI6IjEiLCJmdWxsbmFtZSI6IkJlIFRhaSIsIndhbGxldF9hZGRyZXNzIjoiNmN3YVFUWDZGcHVyVXp5YlhRWFc4S2l6WWZvQnlmYmpIS1o5ZkJ1anFrU0siLCJlbWFpbCI6InRhaS5pY3R1QGdtYWlsLmNvbSIsImVtYWlsX3ZlcmlmaWVkX2F0IjoiMjAyMi0wNi0xN1QwMzowOTo0NS4wMDBaIiwiYWN0aXZlIjoxLCJiYWxhbmNlIjo1ODAuNSwidG90YWxfbG9vdCI6MCwidG90YWxfbG9vdF93b24iOjAsImxvb3NlX2xvb3N0IjowLCJhdmF0YXJfdXJsIjpudWxsLCJ1aWQiOiI2Y3dhUVRYIiwiY3JlYXRlZF9hdCI6IjIwMjItMDYtMjBUMDM6MjA6NTkuMDAwWiIsInVwZGF0ZWRfYXQiOiIyMDIyLTA3LTAyVDExOjAwOjAzLjAwMFoiLCJ0b2tlbl9pZCI6IjNmYTNlNmNjLTQyZmItNDZjYi1iYmI1LWM2N2MyMzE2YjVlYSIsImlhdCI6MTY1Nzk0MDE2NCwiZXhwIjoxNjU4NTQ0OTY0fQ.wvq4msSOK4MNDTiG_B8NwLQc341taTjtjzF0Rp6h_HU', '{"id":"1","fullname":"Be Tai","wallet_address":"6cwaQTX6FpurUzybXQXW8KizYfoByfbjHKZ9fBujqkSK","email":"tai.ictu@gmail.com","email_verified_at":"2022-06-17T03:09:45.000Z","active":1,"balance":580.5,"total_loot":0,"total_loot_won":0,"loose_loost":0,"avatar_url":null,"uid":"6cwaQTX","created_at":"2022-06-20T03:20:59.000Z","updated_at":"2022-07-02T11:00:03.000Z","token_id":"3fa3e6cc-42fb-46cb-bbb5-c67c2316b5ea"}', '2022-07-23 02:56:04'),
('d3fb3048-605e-4616-8c7e-ea5b212b3d60', 'eyJhbGciOiJIUzI1NiIsInR5cCI6IkpXVCJ9.eyJpZCI6IjMyIiwiZnVsbG5hbWUiOiIiLCJ3YWxsZXRfYWRkcmVzcyI6IkZvZTNDOGFvZG11c0NrNU5OTk5qcXY2R3BGUmViOVVtdEJlRWpheHM4d0NlIiwiZW1haWwiOm51bGwsImVtYWlsX3ZlcmlmaWVkX2F0IjpudWxsLCJhY3RpdmUiOjEsImJhbGFuY2UiOm51bGwsInRvdGFsX2xvb3QiOjAsInRvdGFsX2xvb3Rfd29uIjowLCJsb29zZV9sb29zdCI6MCwiYXZhdGFyX3VybCI6IiIsInVpZCI6IjY2MmQyN2VlMzQ5MzZjIiwiY3JlYXRlZF9hdCI6IjIwMjItMDctMTZUMDI6MDM6MzEuMDAwWiIsInVwZGF0ZWRfYXQiOiIyMDIyLTA3LTE2VDAyOjAzOjMxLjAwMFoiLCJ0b2tlbl9pZCI6ImQzZmIzMDQ4LTYwNWUtNDYxNi04YzdlLWVhNWIyMTJiM2Q2MCIsImlhdCI6MTY1Nzk2MjYwMywiZXhwIjoxNjU4NTY3NDAzfQ.zbFZ50LBihDyCW9bRDDf4dL6YAN-no9S7y0xzhdF-HE', '{"id":"32","fullname":"","wallet_address":"Foe3C8aodmusCk5NNNNjqv6GpFReb9UmtBeEjaxs8wCe","email":null,"email_verified_at":null,"active":1,"balance":null,"total_loot":0,"total_loot_won":0,"loose_loost":0,"avatar_url":"","uid":"662d27ee34936c","created_at":"2022-07-16T02:03:31.000Z","updated_at":"2022-07-16T02:03:31.000Z","token_id":"d3fb3048-605e-4616-8c7e-ea5b212b3d60"}', '2022-07-22 21:10:03'),
('1bf5f1e2-fb56-4f87-95cf-42e2f4115940', 'eyJhbGciOiJIUzI1NiIsInR5cCI6IkpXVCJ9.eyJpZCI6IjMyIiwiZnVsbG5hbWUiOiIiLCJ3YWxsZXRfYWRkcmVzcyI6IkZvZTNDOGFvZG11c0NrNU5OTk5qcXY2R3BGUmViOVVtdEJlRWpheHM4d0NlIiwiZW1haWwiOm51bGwsImVtYWlsX3ZlcmlmaWVkX2F0IjpudWxsLCJhY3RpdmUiOjEsImJhbGFuY2UiOm51bGwsInRvdGFsX2xvb3QiOjAsInRvdGFsX2xvb3Rfd29uIjowLCJsb29zZV9sb29zdCI6MCwiYXZhdGFyX3VybCI6IiIsInVpZCI6IjY2MmQyN2VlMzQ5MzZjIiwiY3JlYXRlZF9hdCI6IjIwMjItMDctMTZUMDI6MDM6MzEuMDAwWiIsInVwZGF0ZWRfYXQiOiIyMDIyLTA3LTE2VDAyOjAzOjMxLjAwMFoiLCJ0b2tlbl9pZCI6IjFiZjVmMWUyLWZiNTYtNGY4Ny05NWNmLTQyZTJmNDExNTk0MCIsImlhdCI6MTY1Nzk2MjYyNiwiZXhwIjoxNjU4NTY3NDI2fQ.NqSkkSsoLxxWtdj43PQQ80K-wbXf6DEV0VSZJVJSACI', '{"id":"32","fullname":"","wallet_address":"Foe3C8aodmusCk5NNNNjqv6GpFReb9UmtBeEjaxs8wCe","email":null,"email_verified_at":null,"active":1,"balance":null,"total_loot":0,"total_loot_won":0,"loose_loost":0,"avatar_url":"","uid":"662d27ee34936c","created_at":"2022-07-16T02:03:31.000Z","updated_at":"2022-07-16T02:03:31.000Z","token_id":"1bf5f1e2-fb56-4f87-95cf-42e2f4115940"}', '2022-07-22 21:10:26'),
('57d8b942-b7d4-4638-8690-3d3a1fe0755d', 'eyJhbGciOiJIUzI1NiIsInR5cCI6IkpXVCJ9.eyJpZCI6IjMyIiwiZnVsbG5hbWUiOiIiLCJ3YWxsZXRfYWRkcmVzcyI6IkZvZTNDOGFvZG11c0NrNU5OTk5qcXY2R3BGUmViOVVtdEJlRWpheHM4d0NlIiwiZW1haWwiOm51bGwsImVtYWlsX3ZlcmlmaWVkX2F0IjpudWxsLCJhY3RpdmUiOjEsImJhbGFuY2UiOm51bGwsInRvdGFsX2xvb3QiOjAsInRvdGFsX2xvb3Rfd29uIjowLCJsb29zZV9sb29zdCI6MCwiYXZhdGFyX3VybCI6IiIsInVpZCI6IjY2MmQyN2VlMzQ5MzZjIiwiY3JlYXRlZF9hdCI6IjIwMjItMDctMTZUMDI6MDM6MzEuMDAwWiIsInVwZGF0ZWRfYXQiOiIyMDIyLTA3LTE2VDAyOjAzOjMxLjAwMFoiLCJ0b2tlbl9pZCI6IjU3ZDhiOTQyLWI3ZDQtNDYzOC04NjkwLTNkM2ExZmUwNzU1ZCIsImlhdCI6MTY1Nzk2Mjc3OCwiZXhwIjoxNjU4NTY3NTc4fQ.uMwD1DGAehO-LgEBeBR_HcZTnyYjM5YiasOMJWJzgjE', '{"id":"32","fullname":"","wallet_address":"Foe3C8aodmusCk5NNNNjqv6GpFReb9UmtBeEjaxs8wCe","email":null,"email_verified_at":null,"active":1,"balance":null,"total_loot":0,"total_loot_won":0,"loose_loost":0,"avatar_url":"","uid":"662d27ee34936c","created_at":"2022-07-16T02:03:31.000Z","updated_at":"2022-07-16T02:03:31.000Z","token_id":"57d8b942-b7d4-4638-8690-3d3a1fe0755d"}', '2022-07-22 21:12:58'),
('f0d711c9-35fd-4ae1-9227-21d9e7cd8fa3', 'eyJhbGciOiJIUzI1NiIsInR5cCI6IkpXVCJ9.eyJpZCI6IjMyIiwiZnVsbG5hbWUiOiIiLCJ3YWxsZXRfYWRkcmVzcyI6IkZvZTNDOGFvZG11c0NrNU5OTk5qcXY2R3BGUmViOVVtdEJlRWpheHM4d0NlIiwiZW1haWwiOm51bGwsImVtYWlsX3ZlcmlmaWVkX2F0IjpudWxsLCJhY3RpdmUiOjEsImJhbGFuY2UiOm51bGwsInRvdGFsX2xvb3QiOjAsInRvdGFsX2xvb3Rfd29uIjowLCJsb29zZV9sb29zdCI6MCwiYXZhdGFyX3VybCI6IiIsInVpZCI6IjY2MmQyN2VlMzQ5MzZjIiwiY3JlYXRlZF9hdCI6IjIwMjItMDctMTZUMDI6MDM6MzEuMDAwWiIsInVwZGF0ZWRfYXQiOiIyMDIyLTA3LTE2VDAyOjAzOjMxLjAwMFoiLCJ0b2tlbl9pZCI6ImYwZDcxMWM5LTM1ZmQtNGFlMS05MjI3LTIxZDllN2NkOGZhMyIsImlhdCI6MTY1Nzk2MjgxMywiZXhwIjoxNjU4NTY3NjEzfQ.MqLv3kOhiE6zxIrAMBZxcjKHWSux28cE-nQ361RfK3M', '{"id":"32","fullname":"","wallet_address":"Foe3C8aodmusCk5NNNNjqv6GpFReb9UmtBeEjaxs8wCe","email":null,"email_verified_at":null,"active":1,"balance":null,"total_loot":0,"total_loot_won":0,"loose_loost":0,"avatar_url":"","uid":"662d27ee34936c","created_at":"2022-07-16T02:03:31.000Z","updated_at":"2022-07-16T02:03:31.000Z","token_id":"f0d711c9-35fd-4ae1-9227-21d9e7cd8fa3"}', '2022-07-22 21:13:33'),
('c3ca8cd0-4377-4522-9c52-c6b64f48a0bf', 'eyJhbGciOiJIUzI1NiIsInR5cCI6IkpXVCJ9.eyJpZCI6IjMyIiwiZnVsbG5hbWUiOiIiLCJ3YWxsZXRfYWRkcmVzcyI6IkZvZTNDOGFvZG11c0NrNU5OTk5qcXY2R3BGUmViOVVtdEJlRWpheHM4d0NlIiwiZW1haWwiOm51bGwsImVtYWlsX3ZlcmlmaWVkX2F0IjpudWxsLCJhY3RpdmUiOjEsImJhbGFuY2UiOm51bGwsInRvdGFsX2xvb3QiOjAsInRvdGFsX2xvb3Rfd29uIjowLCJsb29zZV9sb29zdCI6MCwiYXZhdGFyX3VybCI6IiIsInVpZCI6IjY2MmQyN2VlMzQ5MzZjIiwiY3JlYXRlZF9hdCI6IjIwMjItMDctMTZUMDI6MDM6MzEuMDAwWiIsInVwZGF0ZWRfYXQiOiIyMDIyLTA3LTE2VDAyOjAzOjMxLjAwMFoiLCJ0b2tlbl9pZCI6ImMzY2E4Y2QwLTQzNzctNDUyMi05YzUyLWM2YjY0ZjQ4YTBiZiIsImlhdCI6MTY1Nzk2MzMwNCwiZXhwIjoxNjU4NTY4MTA0fQ.pnbmojkpg9jY4nqAh-0XaK0a0r79Y38h6yXw1tVhsMM', '{"id":"32","fullname":"","wallet_address":"Foe3C8aodmusCk5NNNNjqv6GpFReb9UmtBeEjaxs8wCe","email":null,"email_verified_at":null,"active":1,"balance":null,"total_loot":0,"total_loot_won":0,"loose_loost":0,"avatar_url":"","uid":"662d27ee34936c","created_at":"2022-07-16T02:03:31.000Z","updated_at":"2022-07-16T02:03:31.000Z","token_id":"c3ca8cd0-4377-4522-9c52-c6b64f48a0bf"}', '2022-07-22 21:21:44'),
('b1cc6249-a602-426e-9618-546250e3d49c', 'eyJhbGciOiJIUzI1NiIsInR5cCI6IkpXVCJ9.eyJpZCI6IjMyIiwiZnVsbG5hbWUiOiIiLCJ3YWxsZXRfYWRkcmVzcyI6IkZvZTNDOGFvZG11c0NrNU5OTk5qcXY2R3BGUmViOVVtdEJlRWpheHM4d0NlIiwiZW1haWwiOm51bGwsImVtYWlsX3ZlcmlmaWVkX2F0IjpudWxsLCJhY3RpdmUiOjEsImJhbGFuY2UiOm51bGwsInRvdGFsX2xvb3QiOjAsInRvdGFsX2xvb3Rfd29uIjowLCJsb29zZV9sb29zdCI6MCwiYXZhdGFyX3VybCI6IiIsInVpZCI6IjY2MmQyN2VlMzQ5MzZjIiwiY3JlYXRlZF9hdCI6IjIwMjItMDctMTZUMDI6MDM6MzEuMDAwWiIsInVwZGF0ZWRfYXQiOiIyMDIyLTA3LTE2VDAyOjAzOjMxLjAwMFoiLCJ0b2tlbl9pZCI6ImIxY2M2MjQ5LWE2MDItNDI2ZS05NjE4LTU0NjI1MGUzZDQ5YyIsImlhdCI6MTY1Nzk2Mzk0NCwiZXhwIjoxNjU4NTY4NzQ0fQ.oYM6nxOw0IqoN1Q5XLrzrC-oBcIC3KbYcGOi6yc6MKI', '{"id":"32","fullname":"","wallet_address":"Foe3C8aodmusCk5NNNNjqv6GpFReb9UmtBeEjaxs8wCe","email":null,"email_verified_at":null,"active":1,"balance":null,"total_loot":0,"total_loot_won":0,"loose_loost":0,"avatar_url":"","uid":"662d27ee34936c","created_at":"2022-07-16T02:03:31.000Z","updated_at":"2022-07-16T02:03:31.000Z","token_id":"b1cc6249-a602-426e-9618-546250e3d49c"}', '2022-07-22 21:32:24'),
('741fd285-cfe4-4264-963d-cd98b820e895', 'eyJhbGciOiJIUzI1NiIsInR5cCI6IkpXVCJ9.eyJpZCI6IjMyIiwiZnVsbG5hbWUiOiIiLCJ3YWxsZXRfYWRkcmVzcyI6IkZvZTNDOGFvZG11c0NrNU5OTk5qcXY2R3BGUmViOVVtdEJlRWpheHM4d0NlIiwiZW1haWwiOm51bGwsImVtYWlsX3ZlcmlmaWVkX2F0IjpudWxsLCJhY3RpdmUiOjEsImJhbGFuY2UiOm51bGwsInRvdGFsX2xvb3QiOjAsInRvdGFsX2xvb3Rfd29uIjowLCJsb29zZV9sb29zdCI6MCwiYXZhdGFyX3VybCI6IiIsInVpZCI6IjY2MmQyN2VlMzQ5MzZjIiwiY3JlYXRlZF9hdCI6IjIwMjItMDctMTZUMDI6MDM6MzEuMDAwWiIsInVwZGF0ZWRfYXQiOiIyMDIyLTA3LTE2VDAyOjAzOjMxLjAwMFoiLCJ0b2tlbl9pZCI6Ijc0MWZkMjg1LWNmZTQtNDI2NC05NjNkLWNkOThiODIwZTg5NSIsImlhdCI6MTY1Nzk2NDk2NiwiZXhwIjoxNjU4NTY5NzY2fQ.DIY6nyWxYemDm1h3Inqcrt4IqLk2oRWroO30_yidFb8', '{"id":"32","fullname":"","wallet_address":"Foe3C8aodmusCk5NNNNjqv6GpFReb9UmtBeEjaxs8wCe","email":null,"email_verified_at":null,"active":1,"balance":null,"total_loot":0,"total_loot_won":0,"loose_loost":0,"avatar_url":"","uid":"662d27ee34936c","created_at":"2022-07-16T02:03:31.000Z","updated_at":"2022-07-16T02:03:31.000Z","token_id":"741fd285-cfe4-4264-963d-cd98b820e895"}', '2022-07-22 21:49:26'),
('a64cc50d-ce58-47c3-9cea-7fa4d47fdeec', 'eyJhbGciOiJIUzI1NiIsInR5cCI6IkpXVCJ9.eyJpZCI6IjMyIiwiZnVsbG5hbWUiOiIiLCJ3YWxsZXRfYWRkcmVzcyI6IkZvZTNDOGFvZG11c0NrNU5OTk5qcXY2R3BGUmViOVVtdEJlRWpheHM4d0NlIiwiZW1haWwiOm51bGwsImVtYWlsX3ZlcmlmaWVkX2F0IjpudWxsLCJhY3RpdmUiOjEsImJhbGFuY2UiOm51bGwsInRvdGFsX2xvb3QiOjAsInRvdGFsX2xvb3Rfd29uIjowLCJsb29zZV9sb29zdCI6MCwiYXZhdGFyX3VybCI6IiIsInVpZCI6IjY2MmQyN2VlMzQ5MzZjIiwiY3JlYXRlZF9hdCI6IjIwMjItMDctMTZUMDI6MDM6MzEuMDAwWiIsInVwZGF0ZWRfYXQiOiIyMDIyLTA3LTE2VDAyOjAzOjMxLjAwMFoiLCJ0b2tlbl9pZCI6ImE2NGNjNTBkLWNlNTgtNDdjMy05Y2VhLTdmYTRkNDdmZGVlYyIsImlhdCI6MTY1Nzk2NTA3OSwiZXhwIjoxNjU4NTY5ODc5fQ.0WI8ZhhUhiiR4azm9uOednnuIKqCHtcg7rB4TVv4wgA', '{"id":"32","fullname":"","wallet_address":"Foe3C8aodmusCk5NNNNjqv6GpFReb9UmtBeEjaxs8wCe","email":null,"email_verified_at":null,"active":1,"balance":null,"total_loot":0,"total_loot_won":0,"loose_loost":0,"avatar_url":"","uid":"662d27ee34936c","created_at":"2022-07-16T02:03:31.000Z","updated_at":"2022-07-16T02:03:31.000Z","token_id":"a64cc50d-ce58-47c3-9cea-7fa4d47fdeec"}', '2022-07-22 21:51:19'),
('fdc1c21b-6f81-401c-93cd-d3d8507ae54d', 'eyJhbGciOiJIUzI1NiIsInR5cCI6IkpXVCJ9.eyJpZCI6IjMyIiwiZnVsbG5hbWUiOiIiLCJ3YWxsZXRfYWRkcmVzcyI6IkZvZTNDOGFvZG11c0NrNU5OTk5qcXY2R3BGUmViOVVtdEJlRWpheHM4d0NlIiwiZW1haWwiOm51bGwsImVtYWlsX3ZlcmlmaWVkX2F0IjpudWxsLCJhY3RpdmUiOjEsImJhbGFuY2UiOm51bGwsInRvdGFsX2xvb3QiOjAsInRvdGFsX2xvb3Rfd29uIjowLCJsb29zZV9sb29zdCI6MCwiYXZhdGFyX3VybCI6IiIsInVpZCI6IjY2MmQyN2VlMzQ5MzZjIiwiY3JlYXRlZF9hdCI6IjIwMjItMDctMTZUMDI6MDM6MzEuMDAwWiIsInVwZGF0ZWRfYXQiOiIyMDIyLTA3LTE2VDAyOjAzOjMxLjAwMFoiLCJ0b2tlbl9pZCI6ImZkYzFjMjFiLTZmODEtNDAxYy05M2NkLWQzZDg1MDdhZTU0ZCIsImlhdCI6MTY1Nzk2NjMwNSwiZXhwIjoxNjU4NTcxMTA1fQ.Wm53EiufHWRroijVXf4pLrXs_L0Utav_iRr_lMXIT4o', '{"id":"32","fullname":"","wallet_address":"Foe3C8aodmusCk5NNNNjqv6GpFReb9UmtBeEjaxs8wCe","email":null,"email_verified_at":null,"active":1,"balance":null,"total_loot":0,"total_loot_won":0,"loose_loost":0,"avatar_url":"","uid":"662d27ee34936c","created_at":"2022-07-16T02:03:31.000Z","updated_at":"2022-07-16T02:03:31.000Z","token_id":"fdc1c21b-6f81-401c-93cd-d3d8507ae54d"}', '2022-07-22 22:11:45'),
('ec1990d9-16f3-4324-a8bc-97a3f337bd2f', 'eyJhbGciOiJIUzI1NiIsInR5cCI6IkpXVCJ9.eyJpZCI6IjMyIiwiZnVsbG5hbWUiOiIiLCJ3YWxsZXRfYWRkcmVzcyI6IkZvZTNDOGFvZG11c0NrNU5OTk5qcXY2R3BGUmViOVVtdEJlRWpheHM4d0NlIiwiZW1haWwiOm51bGwsImVtYWlsX3ZlcmlmaWVkX2F0IjpudWxsLCJhY3RpdmUiOjEsImJhbGFuY2UiOm51bGwsInRvdGFsX2xvb3QiOjAsInRvdGFsX2xvb3Rfd29uIjowLCJsb29zZV9sb29zdCI6MCwiYXZhdGFyX3VybCI6IiIsInVpZCI6IjY2MmQyN2VlMzQ5MzZjIiwiY3JlYXRlZF9hdCI6IjIwMjItMDctMTZUMDI6MDM6MzEuMDAwWiIsInVwZGF0ZWRfYXQiOiIyMDIyLTA3LTE2VDAyOjAzOjMxLjAwMFoiLCJ0b2tlbl9pZCI6ImVjMTk5MGQ5LTE2ZjMtNDMyNC1hOGJjLTk3YTNmMzM3YmQyZiIsImlhdCI6MTY1Nzk3MDU0NywiZXhwIjoxNjU4NTc1MzQ3fQ.iDAbu2s8skYl13AwAHivWGy06gtnx2kYq9ZBeHEwacw', '{"id":"32","fullname":"","wallet_address":"Foe3C8aodmusCk5NNNNjqv6GpFReb9UmtBeEjaxs8wCe","email":null,"email_verified_at":null,"active":1,"balance":null,"total_loot":0,"total_loot_won":0,"loose_loost":0,"avatar_url":"","uid":"662d27ee34936c","created_at":"2022-07-16T02:03:31.000Z","updated_at":"2022-07-16T02:03:31.000Z","token_id":"ec1990d9-16f3-4324-a8bc-97a3f337bd2f"}', '2022-07-22 23:22:27'),
('9fb95946-2026-4de0-aad5-f2d32ada1de8', 'eyJhbGciOiJIUzI1NiIsInR5cCI6IkpXVCJ9.eyJpZCI6IjMyIiwiZnVsbG5hbWUiOiIiLCJ3YWxsZXRfYWRkcmVzcyI6IkZvZTNDOGFvZG11c0NrNU5OTk5qcXY2R3BGUmViOVVtdEJlRWpheHM4d0NlIiwiZW1haWwiOm51bGwsImVtYWlsX3ZlcmlmaWVkX2F0IjpudWxsLCJhY3RpdmUiOjEsImJhbGFuY2UiOm51bGwsInRvdGFsX2xvb3QiOjAsInRvdGFsX2xvb3Rfd29uIjowLCJsb29zZV9sb29zdCI6MCwiYXZhdGFyX3VybCI6IiIsInVpZCI6IjY2MmQyN2VlMzQ5MzZjIiwiY3JlYXRlZF9hdCI6IjIwMjItMDctMTZUMDI6MDM6MzEuMDAwWiIsInVwZGF0ZWRfYXQiOiIyMDIyLTA3LTE2VDAyOjAzOjMxLjAwMFoiLCJ0b2tlbl9pZCI6IjlmYjk1OTQ2LTIwMjYtNGRlMC1hYWQ1LWYyZDMyYWRhMWRlOCIsImlhdCI6MTY1Nzk4MzI0OCwiZXhwIjoxNjU4NTg4MDQ4fQ.dgWuxy7sN9KwqTFkZuaB8NgcWSspp7hCpvPX6yswppI', '{"id":"32","fullname":"","wallet_address":"Foe3C8aodmusCk5NNNNjqv6GpFReb9UmtBeEjaxs8wCe","email":null,"email_verified_at":null,"active":1,"balance":null,"total_loot":0,"total_loot_won":0,"loose_loost":0,"avatar_url":"","uid":"662d27ee34936c","created_at":"2022-07-16T02:03:31.000Z","updated_at":"2022-07-16T02:03:31.000Z","token_id":"9fb95946-2026-4de0-aad5-f2d32ada1de8"}', '2022-07-23 02:54:08'),
('edceeac2-c221-421f-b64a-f92857b55c8a', 'eyJhbGciOiJIUzI1NiIsInR5cCI6IkpXVCJ9.eyJpZCI6IjMyIiwiZnVsbG5hbWUiOiIiLCJ3YWxsZXRfYWRkcmVzcyI6IkZvZTNDOGFvZG11c0NrNU5OTk5qcXY2R3BGUmViOVVtdEJlRWpheHM4d0NlIiwiZW1haWwiOm51bGwsImVtYWlsX3ZlcmlmaWVkX2F0IjpudWxsLCJhY3RpdmUiOjEsImJhbGFuY2UiOm51bGwsInRvdGFsX2xvb3QiOjAsInRvdGFsX2xvb3Rfd29uIjowLCJsb29zZV9sb29zdCI6MCwiYXZhdGFyX3VybCI6IiIsInVpZCI6IjY2MmQyN2VlMzQ5MzZjIiwiY3JlYXRlZF9hdCI6IjIwMjItMDctMTZUMDI6MDM6MzEuMDAwWiIsInVwZGF0ZWRfYXQiOiIyMDIyLTA3LTE2VDAyOjAzOjMxLjAwMFoiLCJ0b2tlbl9pZCI6ImVkY2VlYWMyLWMyMjEtNDIxZi1iNjRhLWY5Mjg1N2I1NWM4YSIsImlhdCI6MTY1Nzk4NDQ2MywiZXhwIjoxNjU4NTg5MjYzfQ.U9vrMWj_l56E4GLmRx47CpnpIOJu_qY7qyhe6c5VQGs', '{"id":"32","fullname":"","wallet_address":"Foe3C8aodmusCk5NNNNjqv6GpFReb9UmtBeEjaxs8wCe","email":null,"email_verified_at":null,"active":1,"balance":null,"total_loot":0,"total_loot_won":0,"loose_loost":0,"avatar_url":"","uid":"662d27ee34936c","created_at":"2022-07-16T02:03:31.000Z","updated_at":"2022-07-16T02:03:31.000Z","token_id":"edceeac2-c221-421f-b64a-f92857b55c8a"}', '2022-07-23 03:14:23'),
('b0c2e1f4-68b8-42cd-871a-06596f59b733', 'eyJhbGciOiJIUzI1NiIsInR5cCI6IkpXVCJ9.eyJpZCI6IjMyIiwiZnVsbG5hbWUiOiIiLCJ3YWxsZXRfYWRkcmVzcyI6IkZvZTNDOGFvZG11c0NrNU5OTk5qcXY2R3BGUmViOVVtdEJlRWpheHM4d0NlIiwiZW1haWwiOm51bGwsImVtYWlsX3ZlcmlmaWVkX2F0IjpudWxsLCJhY3RpdmUiOjEsImJhbGFuY2UiOm51bGwsInRvdGFsX2xvb3QiOjAsInRvdGFsX2xvb3Rfd29uIjowLCJsb29zZV9sb29zdCI6MCwiYXZhdGFyX3VybCI6IiIsInVpZCI6IjY2MmQyN2VlMzQ5MzZjIiwiY3JlYXRlZF9hdCI6IjIwMjItMDctMTZUMDI6MDM6MzEuMDAwWiIsInVwZGF0ZWRfYXQiOiIyMDIyLTA3LTE2VDAyOjAzOjMxLjAwMFoiLCJ0b2tlbl9pZCI6ImIwYzJlMWY0LTY4YjgtNDJjZC04NzFhLTA2NTk2ZjU5YjczMyIsImlhdCI6MTY1Nzk4NTkxNywiZXhwIjoxNjU4NTkwNzE3fQ.wusvUEIz0Yp2HZkPNpKdcAgFwDCubc-DE3IgATFZdsU', '{"id":"32","fullname":"","wallet_address":"Foe3C8aodmusCk5NNNNjqv6GpFReb9UmtBeEjaxs8wCe","email":null,"email_verified_at":null,"active":1,"balance":null,"total_loot":0,"total_loot_won":0,"loose_loost":0,"avatar_url":"","uid":"662d27ee34936c","created_at":"2022-07-16T02:03:31.000Z","updated_at":"2022-07-16T02:03:31.000Z","token_id":"b0c2e1f4-68b8-42cd-871a-06596f59b733"}', '2022-07-23 03:38:37');

INSERT INTO "public"."game_playing" ("id", "user_id", "game_id", "data", "won", "bonus", "note", "heroes", "finished", "winning_hero", "created_at", "updated_at", "non_nft_entries") VALUES
(1, 1, 9, '{"TotalSpent":10.72,"entry_total":16,"ticket_total":314,"ChanceOfWinning":0.009678214770065344,"ChanceNotWin":0.9903217852299346,"NoRakeEV":4.661780298360252,"PostRakeEV":-10.439104527185304}', NULL, NULL, NULL, '["3yWEQJ5aKDyGp1RfYSxvGMrVyTe49niwdSidHX11M426"]', 0, NULL, '2022-07-07 17:26:44', '2022-07-08 16:40:06', 15),
(2, 16, 9, '{"TotalSpent":0,"entry_total":0,"ticket_total":0,"ChanceOfWinning":0,"ChanceNotWin":1,"NoRakeEV":0,"PostRakeEV":0}', 0, 0, '', NULL, 0, NULL, '2022-07-07 19:35:42', '2022-07-07 19:35:42', NULL),
(3, 12, 9, '{"TotalSpent":0,"entry_total":0,"ticket_total":0,"ChanceOfWinning":0,"ChanceNotWin":1,"NoRakeEV":0,"PostRakeEV":0}', 0, 0, '', NULL, 0, NULL, '2022-07-07 19:35:42', '2022-07-07 19:35:42', NULL),
(4, 17, 9, '{"TotalSpent":0,"entry_total":0,"ticket_total":0,"ChanceOfWinning":0,"ChanceNotWin":1,"NoRakeEV":0,"PostRakeEV":0}', 0, 0, '', NULL, 0, NULL, '2022-07-07 19:35:42', '2022-07-07 19:35:42', NULL),
(5, 11, 9, '{"TotalSpent":0,"entry_total":0,"ticket_total":0,"ChanceOfWinning":0,"ChanceNotWin":1,"NoRakeEV":0,"PostRakeEV":0}', 0, 0, '', NULL, 0, NULL, '2022-07-07 19:35:42', '2022-07-07 19:35:42', NULL),
(6, 13, 9, '{"TotalSpent":0,"entry_total":0,"ticket_total":0,"ChanceOfWinning":0,"ChanceNotWin":1,"NoRakeEV":0,"PostRakeEV":0}', 0, 0, '', NULL, 0, NULL, '2022-07-07 19:35:42', '2022-07-07 19:35:42', NULL),
(7, 18, 9, '{"TotalSpent":0,"entry_total":0,"ticket_total":0,"ChanceOfWinning":0,"ChanceNotWin":1,"NoRakeEV":0,"PostRakeEV":0}', 0, 0, '', NULL, 0, NULL, '2022-07-07 19:35:42', '2022-07-07 19:35:42', NULL),
(8, 19, 9, '{"TotalSpent":0,"entry_total":0,"ticket_total":0,"ChanceOfWinning":0,"ChanceNotWin":1,"NoRakeEV":0,"PostRakeEV":0}', 0, 0, '', NULL, 0, NULL, '2022-07-07 19:35:42', '2022-07-07 19:35:42', NULL),
(9, 22, 9, '{"TotalSpent":0,"entry_total":0,"ticket_total":0,"ChanceOfWinning":0,"ChanceNotWin":1,"NoRakeEV":0,"PostRakeEV":0}', 0, 0, '', NULL, 0, NULL, '2022-07-07 19:35:42', '2022-07-07 19:35:42', NULL),
(10, 24, 9, '{"TotalSpent":0,"entry_total":0,"ticket_total":0,"ChanceOfWinning":0,"ChanceNotWin":1,"NoRakeEV":0,"PostRakeEV":0}', 0, 0, '', NULL, 0, NULL, '2022-07-07 19:35:42', '2022-07-07 19:35:42', NULL),
(11, 26, 9, '{"TotalSpent":0,"entry_total":0,"ticket_total":0,"ChanceOfWinning":0,"ChanceNotWin":1,"NoRakeEV":0,"PostRakeEV":0}', 0, 0, '', NULL, 0, NULL, '2022-07-07 19:35:42', '2022-07-07 19:35:42', NULL),
(12, 27, 9, '{"TotalSpent":0,"entry_total":0,"ticket_total":0,"ChanceOfWinning":0,"ChanceNotWin":1,"NoRakeEV":0,"PostRakeEV":0}', 0, 0, '', NULL, 0, NULL, '2022-07-07 19:35:42', '2022-07-07 19:35:42', NULL),
(13, 23, 9, '{"TotalSpent":0,"entry_total":0,"ticket_total":0,"ChanceOfWinning":0,"ChanceNotWin":1,"NoRakeEV":0,"PostRakeEV":0}', 0, 0, '', NULL, 0, NULL, '2022-07-07 19:35:42', '2022-07-07 19:35:42', NULL),
(14, 29, 9, '{"TotalSpent":0,"entry_total":0,"ticket_total":0,"ChanceOfWinning":0,"ChanceNotWin":1,"NoRakeEV":0,"PostRakeEV":0}', 0, 0, '', NULL, 0, NULL, '2022-07-07 19:35:42', '2022-07-07 19:35:42', NULL),
(15, 30, 9, '{"TotalSpent":0,"entry_total":0,"ticket_total":0,"ChanceOfWinning":0,"ChanceNotWin":1,"NoRakeEV":0,"PostRakeEV":0}', 0, 0, '', NULL, 0, NULL, '2022-07-07 19:35:42', '2022-07-07 19:35:42', NULL),
(16, 31, 9, '{"TotalSpent":0,"entry_total":0,"ticket_total":0,"ChanceOfWinning":0,"ChanceNotWin":1,"NoRakeEV":0,"PostRakeEV":0}', 0, 0, '', NULL, 0, NULL, '2022-07-07 19:35:42', '2022-07-07 19:35:42', NULL),
(17, 25, 9, '{"TotalSpent":0,"entry_total":0,"ticket_total":0,"ChanceOfWinning":0,"ChanceNotWin":1,"NoRakeEV":0,"PostRakeEV":0}', 0, 0, '', NULL, 0, NULL, '2022-07-07 19:35:42', '2022-07-07 19:35:42', NULL),
(18, 21, 9, '{"TotalSpent":0,"entry_total":0,"ticket_total":0,"ChanceOfWinning":0,"ChanceNotWin":1,"NoRakeEV":0,"PostRakeEV":0}', 0, 0, '', NULL, 0, NULL, '2022-07-07 19:35:42', '2022-07-07 19:35:42', NULL),
(19, 20, 9, '{"TotalSpent":0,"entry_total":0,"ticket_total":0,"ChanceOfWinning":0,"ChanceNotWin":1,"NoRakeEV":0,"PostRakeEV":0}', 0, 0, '', NULL, 0, NULL, '2022-07-07 19:35:42', '2022-07-07 19:35:42', NULL),
(20, 28, 9, '{"TotalSpent":0,"entry_total":0,"ticket_total":0,"ChanceOfWinning":0,"ChanceNotWin":1,"NoRakeEV":0,"PostRakeEV":0}', 0, 0, '', NULL, 0, NULL, '2022-07-07 19:35:42', '2022-07-07 19:35:42', NULL),
(21, 15, 9, '{"TotalSpent":0,"entry_total":0,"ticket_total":0,"ChanceOfWinning":0,"ChanceNotWin":1,"NoRakeEV":0,"PostRakeEV":0}', 0, 0, '', NULL, 0, NULL, '2022-07-07 19:35:42', '2022-07-07 19:35:42', NULL),
(22, 14, 9, '{"TotalSpent":0,"entry_total":0,"ticket_total":0,"ChanceOfWinning":0,"ChanceNotWin":1,"NoRakeEV":0,"PostRakeEV":0}', 0, 0, '', NULL, 0, NULL, '2022-07-07 19:35:42', '2022-07-07 19:35:42', NULL),
(23, 8, 9, '{"TotalSpent":3.75,"entry_total":5,"ticket_total":262,"ChanceOfWinning":0.9703703703703703,"ChanceNotWin":0.029629629629629672,"NoRakeEV":12.988888888888889,"PostRakeEV":10.135708888888889}', 0, 0, '', NULL, 0, NULL, '2022-07-07 19:35:42', '2022-07-07 19:35:42', NULL),
(24, 6, 9, '{"TotalSpent":2.7,"entry_total":3,"ticket_total":159,"ChanceOfWinning":0.5888888888888889,"ChanceNotWin":0.4111111111111111,"NoRakeEV":6.84,"PostRakeEV":5.10849}', 0, 0, '', NULL, 0, NULL, '2022-07-07 19:35:42', '2022-07-07 19:35:42', NULL),
(25, 9, 9, '{"TotalSpent":1.8,"entry_total":2,"ticket_total":93,"ChanceOfWinning":0.34444444444444444,"ChanceNotWin":0.6555555555555556,"NoRakeEV":3.4700000000000006,"PostRakeEV":2.45723}', 0, 0, '', NULL, 0, NULL, '2022-07-07 19:35:42', '2022-07-07 19:35:42', NULL),
(26, 4, 9, '{"TotalSpent":2.7,"entry_total":3,"ticket_total":137,"ChanceOfWinning":0.5074074074074074,"ChanceNotWin":0.4925925925925926,"NoRakeEV":5.5200000000000005,"PostRakeEV":4.02807}', 0, 0, '', NULL, 0, NULL, '2022-07-07 19:35:42', '2022-07-07 19:35:42', NULL),
(27, 7, 9, '{"TotalSpent":3,"entry_total":4,"ticket_total":208,"ChanceOfWinning":0.7703703703703704,"ChanceNotWin":0.22962962962962963,"NoRakeEV":9.711111111111112,"PostRakeEV":7.44599111111111}', 0, 0, '', NULL, 0, NULL, '2022-07-07 19:35:42', '2022-07-07 19:35:42', NULL),
(28, 3, 9, '{"TotalSpent":2.7,"entry_total":3,"ticket_total":197,"ChanceOfWinning":0.7296296296296296,"ChanceNotWin":0.27037037037037037,"NoRakeEV":9.12,"PostRakeEV":6.974669999999999}', 0, 0, '', NULL, 0, NULL, '2022-07-07 19:35:42', '2022-07-07 19:35:42', NULL),
(29, 10, 9, '{"TotalSpent":1.8,"entry_total":2,"ticket_total":103,"ChanceOfWinning":0.3814814814814815,"ChanceNotWin":0.6185185185185185,"NoRakeEV":4.036666666666667,"PostRakeEV":2.9149966666666662}', 0, 0, '', NULL, 0, NULL, '2022-07-07 19:35:42', '2022-07-07 19:35:42', NULL),
(30, 5, 9, '{"TotalSpent":3,"entry_total":4,"ticket_total":181,"ChanceOfWinning":0.6703703703703704,"ChanceNotWin":0.3296296296296296,"NoRakeEV":8.061111111111112,"PostRakeEV":6.090021111111111}', 0, 0, '', NULL, 0, NULL, '2022-07-07 19:35:42', '2022-07-07 19:35:42', NULL),
(31, 1, 11, '{"TotalSpent":11.39,"entry_total":17,"ticket_total":358,"ChanceOfWinning":0.24420190995907232,"ChanceNotWin":0.7557980900409277,"NoRakeEV":8.973997271487045,"PostRakeEV":-8.436626984993179}', NULL, NULL, NULL, '["94K5xjAeXWLQrGRUQhR6ZjqBfai7TRQWo52KEzp7TrnA","5HE8cKE5ssaegPv11JFzjoeQecb7PhBuq3qz3W1GNGQb"]', 0, NULL, '2022-07-08 17:20:19', '2022-07-08 17:31:08', 15),
(32, 1, NULL, '{"TotalSpent":4.2,"entry_total":5,"ticket_total":142,"ChanceOfWinning":0.09403973509933775,"ChanceNotWin":0.9059602649006623,"NoRakeEV":3.0504635761589403,"PostRakeEV":-3.672628927152318}', NULL, NULL, NULL, '[]', 0, NULL, '2022-07-16 03:51:37', '2022-07-16 03:51:39', 3),
(33, 32, 15, '{"TotalSpent":37.52,"entry_total":56,"ticket_total":1008,"ChanceOfWinning":0.6675496688741722,"ChanceNotWin":0.3324503311258278,"NoRakeEV":36.190834437086096,"PostRakeEV":-11.533653192052979}', NULL, NULL, NULL, '[]', 0, NULL, '2022-07-16 09:33:09', '2022-07-16 15:39:16', 56);

INSERT INTO "public"."game_transactions" ("id", "type", "amount", "event", "user_id", "description", "signature", "game_playing_id", "created_at", "updated_at") VALUES
(1, 'prize', 580.5, 'prize_for_pos_1', 1, '', 'dc2cad38-f972-4e47-a02f-fbaef662b9de', 61, '2022-07-02 18:00:03', '2022-07-02 18:00:03'),
(2, 'prize', 232.20000000000002, 'prize_for_pos_4', 25, '', 'ac510680-4b4b-40d8-92d5-ccfa0d6698d5', 48, '2022-07-02 18:00:03', '2022-07-02 18:00:03'),
(3, 'prize', 95.7825, 'prize_for_pos_5', 5, '', '9f7cbe44-3e93-4089-b804-5c08897c9686', 57, '2022-07-02 18:00:03', '2022-07-02 18:00:03'),
(4, 'prize', 95.7825, 'prize_for_pos_5', 7, '', '558c346b-d220-4e84-958c-0b967f06c4da', 55, '2022-07-02 18:00:03', '2022-07-02 18:00:03'),
(5, 'prize', 95.7825, 'prize_for_pos_5', 22, '', 'd8cfbd3f-b582-46a7-9b96-191906a0ca99', 43, '2022-07-02 18:00:03', '2022-07-02 18:00:03'),
(6, 'prize', 95.7825, 'prize_for_pos_5', 28, '', 'cafe2680-c7bb-43dc-84b1-e85886854fab', 49, '2022-07-02 18:00:03', '2022-07-02 18:00:03'),
(7, 'prize', 95.7825, 'prize_for_pos_5', 21, '', '4b5514f4-848a-47a0-a31e-ce5e1902389b', 40, '2022-07-02 18:00:03', '2022-07-02 18:00:03'),
(8, 'prize', 95.7825, 'prize_for_pos_5', 20, '', '02bad406-13b7-4b0d-b7b6-327cc26e313a', 41, '2022-07-02 18:00:03', '2022-07-02 18:00:03'),
(9, 'prize', 95.7825, 'prize_for_pos_5', 15, '', '0062d6ae-80a6-4462-a59d-cd3c4dfca0b6', 34, '2022-07-02 18:00:03', '2022-07-02 18:00:03'),
(10, 'prize', 95.7825, 'prize_for_pos_5', 14, '', 'fe712412-a1ed-4731-85c5-374847887265', 35, '2022-07-02 18:00:03', '2022-07-02 18:00:03');

INSERT INTO "public"."games" ("id", "data", "result", "back_pot", "end", "note", "raked", "created_at", "updated_at", "thieves_count") VALUES
(8, '{"NoRakePrizePool":13.5,"PostRakePrizePool":10.5597,"entry_total":15,"ticket_total":270,"user_total":1,"EstUsers":15,"EstRakePerDay":2.9403000000000006}', NULL, NULL, 1, NULL, NULL, '2022-07-07 15:23:03', '2022-07-07 16:55:05', 0),
(9, '{"NoRakePrizePool":1579.4999999999998,"PostRakePrizePool":19.00745999999999,"entry_total":1755,"ticket_total":32488,"user_total":30,"EstUsers":1,"EstRakePerDay":5.292539999999999}', NULL, NULL, 0, NULL, NULL, '2022-07-07 17:00:02', '2022-07-08 16:40:06', 30),
(10, '{"NoRakePrizePool":0,"PostRakePrizePool":0,"entry_total":0,"ticket_total":0,"user_total":0,"EstUsers":null,"EstRakePerDay":0}', 'wake', 0, 1, NULL, 0, '2022-07-08 17:00:03', '2022-07-08 17:00:03', 0),
(11, '{"NoRakePrizePool":72.9,"PostRakePrizePool":1.40796,"entry_total":81,"ticket_total":1510,"user_total":1,"EstUsers":2,"EstRakePerDay":0.39203999999999994}', NULL, NULL, 0, NULL, NULL, '2022-07-08 17:10:01', '2022-07-08 17:31:08', 1),
(12, '{}', NULL, NULL, 0, NULL, NULL, '2022-07-10 02:58:02', '2022-07-10 02:58:02', 0),
(13, '{}', NULL, NULL, 0, NULL, NULL, '2022-07-14 08:53:55', '2022-07-14 08:53:55', 0),
(14, '{}', NULL, NULL, 0, NULL, NULL, '2022-07-14 17:30:46', '2022-07-14 17:30:46', 0),
(15, '{"NoRakePrizePool":72.9,"PostRakePrizePool":1.40796,"entry_total":81,"ticket_total":1510,"user_total":2,"EstUsers":1,"EstRakePerDay":0.39203999999999994}', NULL, NULL, 0, NULL, NULL, '2022-07-16 01:27:04', '2022-07-16 15:39:16', 1);

INSERT INTO "public"."hero_tier_tickets" ("id", "tier", "tickets", "tix_from_stats", "ev_class", "post_rake_ev") VALUES
(1, 'Non-NFT', 18, NULL, -7.12673267326733, -7.63613861386139),
(2, 'Common', 36, 8, 6.38316831683168, 3.9380198019802),
(3, 'Uncommon', 38, 11, 7.12112211221122, 4.54013201320132),
(4, 'Rare', 45, 14, 4.08415841584158, 2.55594059405941),
(5, 'Epic', 50, 16, 4.9546204620462, 3.25660066006601),
(6, 'Legendary', 55, 17, 3.22475247524753, 2.10405940594059),
(7, 'Mythic', 60, 18, 0.98019801980198, 0.572673267326733);

INSERT INTO "public"."heroes" ("id", "mint", "user_id", "active", "extra_data") VALUES
(1, '3yWEQJ5aKDyGp1RfYSxvGMrVyTe49niwdSidHX11M426', 1, 0, NULL),
(2, '6PF5RexLesANBdVTYagomxp5fQ8EQykY3c8dWLLeZayT', 1, 0, NULL),
(3, '94K5xjAeXWLQrGRUQhR6ZjqBfai7TRQWo52KEzp7TrnA', 1, 1, NULL),
(4, '5HE8cKE5ssaegPv11JFzjoeQecb7PhBuq3qz3W1GNGQb', 1, 1, NULL),
(5, '37Hbf7rbb5EGMsbpNvqv4nZWVr1oALEu3QwNcwGUme9o', 1, 0, NULL),
(6, 'Go5MuoUvtfBX9iat1UPAeFp2tscbfPnP3vkixVmwoPai', 3, 1, NULL),
(7, '7iZjseVHj9XHEw173pwdCYx7zRGEKymX8jXXtb1LsAXg', 3, 1, NULL),
(8, 'H1w1NMSaieGjCfNQPED9WrrSGQYb9MUG1mHhNdxntz4w', 3, 1, NULL),
(9, 'JRT5H4nqtRSKfTRGbP3s66V7HN2JMcTJD4j3MHVJ1UG', 4, 1, NULL),
(10, '3agpbs4sTE7jz5qXT7LRAh5ZKwmrDaafwdrGteFy43mY', 4, 1, NULL),
(11, 'HLCDN58Gsra4PYDiwzXz7JLmLsPsXvuvbJzX6CQTc1M2', 4, 1, NULL),
(12, '2JZhGbmkgBUvtDwcnqAvfDS1Xb2XMXtVMuGz8ukHkQ8q', 5, 1, NULL),
(13, '3fgK5G4qdw2Bm7RHaGAKbYauZXt4rkfEG8vMxzoadxNN', 5, 1, NULL),
(14, '9HC48owoYLWW3AzwPFyVsHPSsciPb1brpwjXZxUoKGNw', 5, 1, NULL),
(15, '9tSx2S2JD9fuqHVj6ZLdm2RheFk7ni9nCxFQD9d5jn2w', 5, 1, NULL),
(16, '9rZrgQgS97bzgSHpYNhwio16Rj8GobYfFChQQizoKi9L', 6, 1, NULL),
(17, '4mL6ePAZryTgQT9aWroJNirEFPN8c8dprcnASyhE2Awq', 6, 1, NULL),
(18, '6Mo7bN9s2JjzgqspacfmWSnxJYCYfvuDwf1pQCt3jCPm', 6, 1, NULL),
(19, 'AXuiJrrLBE9AnbDRzAJ3S5gBTpcNQ3qeGbuoWTUFWzAa', 7, 1, NULL),
(20, '2tbGLht4P3akFVFq8AkRpYsngxNE3JQj3gaCfsWTUFN6', 7, 1, NULL),
(21, '12LxCk6cLaBRw9GR5ZpPmnsaNdd7sRVCUKge5rJpUWaA', 7, 1, NULL),
(22, 'CGFYMVddWAiWJ2EDLJaSARGZuXwMjPc88dbERa88GcdR', 7, 1, NULL),
(23, 'CkPJt7neJqG2G3gBP9NjWnoCzCuaRHYQ52guk4iMm2AL', 8, 1, NULL),
(24, 'CbAYR5SrZE8anbguFEZ9A9dhYKKmvj4iwZvVJfJSLMGN', 8, 1, NULL),
(25, 'GB2drDedQivPu43oPNVPQKPW5Jc4acmT6Dc4yEt9c6gQ', 8, 1, NULL),
(26, 'Ac3syGHoHK1mAY1PeCYfvV2tbdkUtCppUrjxhUM9MtF1', 8, 1, NULL),
(27, '9h5acNtiZ4GGZmqESKmBtoiXoGK7wF6VKBpVwbkduvqY', 8, 1, NULL),
(28, 'H46xuR97BewCnWNNEiknXB5RPJ9SCrZdDSqJuMjuLwGL', 9, 1, NULL),
(29, 'Epew2FzhLYYta7DxwJEac1yu4qvzCBeMiky1xfZkqWzA', 9, 1, NULL),
(30, 'FJs96c19GJtHJT9K1JzhF8AmEbAhVpRU9kPyvub6LQ4g', 10, 1, NULL),
(31, '9JagCaSc5UEWHKVkZcLQgAMVsuWHHyebJzSAm9umM3Gh', 10, 1, NULL);

INSERT INTO "public"."options" ("id", "option_name", "option_value", "autoload") VALUES
(1, 'wake_percent', '66', 't'),
(2, 'sleep_percent', '33', 't'),
(3, 'raw_rake_percent', '33', 't'),
(6, 'percent_of_user_paid', '25', 't'),
(8, 'game_locked', 'false', 't'),
(11, 'game_settings', 'a:5:{s:9:"game_lock";b:1;s:12:"wake_percent";i:66;s:13:"sleep_percent";i:33;s:16:"raw_rake_percent";i:33;s:20:"percent_of_user_paid";s:2:"25";}', 't'),
(12, 'sol_usd_rate', '37.88', 't'),
(13, 'primary_wallet', '3UqiAthJCdNVAc1neWWfqmkBwE6Byjadnfq9hgB4X1FR', 't'),
(14, 'solana_settings', 'a:3:{s:9:"node_type";s:7:"testnet";s:12:"sol_usd_rate";d:37.73;s:16:"auto_update_rate";b:1;}', 't');

INSERT INTO "public"."quantity_lookup" ("id", "type", "quantity_from", "value") VALUES
(1, 'Hero', 1, 1),
(2, 'Crew', 2, 0.9),
(3, 'Party', 4, 0.75),
(4, 'Faction', 8, 0.69),
(5, 'Clan', 15, 0.67);

INSERT INTO "public"."usermeta" ("umeta_id", "user_id", "meta_key", "meta_value") VALUES
(1, 1, 'non_nft_entries', '79'),
(2, 1, 'current_entries_calc', '{"TotalSpent":10.05,"entry_total":15,"ticket_total":270,"ChanceOfWinning":1,"ChanceNotWin":0,"NoRakeEV":13.5,"PostRakeEV":10.5597}'),
(3, 3, 'non_nft_entries', '18'),
(4, 9, 'non_nft_entries', '58'),
(5, 3, 'current_entries_calc', '{"TotalSpent":173.79000000000002,"entry_total":272,"ticket_total":12769,"ChanceOfWinning":0,"ChanceNotWin":1,"NoRakeEV":-173.79000000000002,"PostRakeEV":-173.79000000000002}'),
(6, 7, 'non_nft_entries', '88'),
(7, 8, 'non_nft_entries', '65'),
(8, 5, 'non_nft_entries', '44'),
(9, 10, 'non_nft_entries', '7'),
(10, 6, 'non_nft_entries', '20'),
(11, 4, 'non_nft_entries', '83'),
(12, 9, 'current_entries_calc', '{"TotalSpent":49.58,"entry_total":101,"ticket_total":2198,"ChanceOfWinning":0,"ChanceNotWin":1,"NoRakeEV":-49.58,"PostRakeEV":-49.58}'),
(13, 6, 'current_entries_calc', '{"TotalSpent":216.41000000000003,"entry_total":377,"ticket_total":11846,"ChanceOfWinning":0,"ChanceNotWin":1,"NoRakeEV":-216.41000000000003,"PostRakeEV":-216.41000000000003}'),
(14, 4, 'current_entries_calc', '{"TotalSpent":96.75999999999999,"entry_total":158,"ticket_total":4954,"ChanceOfWinning":0,"ChanceNotWin":1,"NoRakeEV":-96.75999999999999,"PostRakeEV":-96.75999999999999}'),
(15, 5, 'current_entries_calc', '{"TotalSpent":107.2,"entry_total":186,"ticket_total":5332,"ChanceOfWinning":0,"ChanceNotWin":1,"NoRakeEV":-107.2,"PostRakeEV":-107.2}'),
(16, 8, 'current_entries_calc', '{"TotalSpent":280.73,"entry_total":501,"ticket_total":15410,"ChanceOfWinning":0,"ChanceNotWin":1,"NoRakeEV":-280.73,"PostRakeEV":-280.73}'),
(17, 10, 'current_entries_calc', '{"TotalSpent":81.07000000000001,"entry_total":139,"ticket_total":4365,"ChanceOfWinning":0,"ChanceNotWin":1,"NoRakeEV":-81.07000000000001,"PostRakeEV":-81.07000000000001}'),
(18, 7, 'current_entries_calc', '{"TotalSpent":201.83,"entry_total":309,"ticket_total":11986,"ChanceOfWinning":0,"ChanceNotWin":1,"NoRakeEV":-201.83,"PostRakeEV":-201.83}'),
(19, 11, 'non_nft_entries', '45'),
(20, 11, 'current_entries_calc', '{"TotalSpent":53.6,"entry_total":80,"ticket_total":1440,"ChanceOfWinning":0,"ChanceNotWin":1,"NoRakeEV":-53.6,"PostRakeEV":-53.6}'),
(21, 18, 'current_entries_calc', '{"TotalSpent":12.73,"entry_total":19,"ticket_total":342,"ChanceOfWinning":0,"ChanceNotWin":1,"NoRakeEV":-12.73,"PostRakeEV":-12.73}'),
(22, 14, 'current_entries_calc', '{"TotalSpent":66.33,"entry_total":99,"ticket_total":1782,"ChanceOfWinning":0,"ChanceNotWin":1,"NoRakeEV":-66.33,"PostRakeEV":-66.33}'),
(23, 16, 'current_entries_calc', '{"TotalSpent":2.7,"entry_total":3,"ticket_total":54,"ChanceOfWinning":0,"ChanceNotWin":1,"NoRakeEV":-2.7,"PostRakeEV":-2.7}'),
(24, 13, 'current_entries_calc', '{"TotalSpent":1.8,"entry_total":2,"ticket_total":36,"ChanceOfWinning":0,"ChanceNotWin":1,"NoRakeEV":-1.8,"PostRakeEV":-1.8}'),
(25, 12, 'current_entries_calc', '{"TotalSpent":3.75,"entry_total":5,"ticket_total":90,"ChanceOfWinning":0,"ChanceNotWin":1,"NoRakeEV":-3.75,"PostRakeEV":-3.75}'),
(26, 17, 'current_entries_calc', '{"TotalSpent":3.75,"entry_total":5,"ticket_total":90,"ChanceOfWinning":0,"ChanceNotWin":1,"NoRakeEV":-3.75,"PostRakeEV":-3.75}'),
(27, 15, 'current_entries_calc', '{"TotalSpent":35.510000000000005,"entry_total":53,"ticket_total":954,"ChanceOfWinning":0,"ChanceNotWin":1,"NoRakeEV":-35.510000000000005,"PostRakeEV":-35.510000000000005}'),
(28, 21, 'current_entries_calc', '{"TotalSpent":56.95,"entry_total":85,"ticket_total":1530,"ChanceOfWinning":0,"ChanceNotWin":1,"NoRakeEV":-56.95,"PostRakeEV":-56.95}'),
(29, 20, 'current_entries_calc', '{"TotalSpent":38.190000000000005,"entry_total":57,"ticket_total":1026,"ChanceOfWinning":0,"ChanceNotWin":1,"NoRakeEV":-38.190000000000005,"PostRakeEV":-38.190000000000005}'),
(30, 19, 'current_entries_calc', '{"TotalSpent":18.76,"entry_total":28,"ticket_total":504,"ChanceOfWinning":0,"ChanceNotWin":1,"NoRakeEV":-18.76,"PostRakeEV":-18.76}'),
(31, 22, 'current_entries_calc', '{"TotalSpent":65.66000000000001,"entry_total":98,"ticket_total":1764,"ChanceOfWinning":0,"ChanceNotWin":1,"NoRakeEV":-65.66000000000001,"PostRakeEV":-65.66000000000001}'),
(32, 24, 'current_entries_calc', '{"TotalSpent":10.05,"entry_total":15,"ticket_total":270,"ChanceOfWinning":0,"ChanceNotWin":1,"NoRakeEV":-10.05,"PostRakeEV":-10.05}'),
(33, 23, 'current_entries_calc', '{"TotalSpent":62.31,"entry_total":93,"ticket_total":1674,"ChanceOfWinning":0,"ChanceNotWin":1,"NoRakeEV":-62.31,"PostRakeEV":-62.31}'),
(34, 26, 'current_entries_calc', '{"TotalSpent":54.27,"entry_total":81,"ticket_total":1458,"ChanceOfWinning":0,"ChanceNotWin":1,"NoRakeEV":-54.27,"PostRakeEV":-54.27}'),
(35, 25, 'current_entries_calc', '{"TotalSpent":38.190000000000005,"entry_total":57,"ticket_total":1026,"ChanceOfWinning":0,"ChanceNotWin":1,"NoRakeEV":-38.190000000000005,"PostRakeEV":-38.190000000000005}'),
(36, 28, 'current_entries_calc', '{"TotalSpent":56.28,"entry_total":84,"ticket_total":1512,"ChanceOfWinning":0,"ChanceNotWin":1,"NoRakeEV":-56.28,"PostRakeEV":-56.28}'),
(37, 27, 'current_entries_calc', '{"TotalSpent":64.99000000000001,"entry_total":97,"ticket_total":1746,"ChanceOfWinning":0,"ChanceNotWin":1,"NoRakeEV":-64.99000000000001,"PostRakeEV":-64.99000000000001}'),
(38, 29, 'current_entries_calc', '{"TotalSpent":42.88,"entry_total":64,"ticket_total":1152,"ChanceOfWinning":0,"ChanceNotWin":1,"NoRakeEV":-42.88,"PostRakeEV":-42.88}'),
(39, 30, 'current_entries_calc', '{"TotalSpent":22.78,"entry_total":34,"ticket_total":612,"ChanceOfWinning":0,"ChanceNotWin":1,"NoRakeEV":-22.78,"PostRakeEV":-22.78}'),
(40, 31, 'current_entries_calc', '{"TotalSpent":22.110000000000003,"entry_total":33,"ticket_total":594,"ChanceOfWinning":0,"ChanceNotWin":1,"NoRakeEV":-22.110000000000003,"PostRakeEV":-22.110000000000003}'),
(41, 14, 'non_nft_entries', '48'),
(42, 13, 'non_nft_entries', '24'),
(43, 12, 'non_nft_entries', '83'),
(44, 16, 'non_nft_entries', '37'),
(45, 18, 'non_nft_entries', '100'),
(46, 15, 'non_nft_entries', '60'),
(47, 17, 'non_nft_entries', '46'),
(48, 21, 'non_nft_entries', '59'),
(49, 20, 'non_nft_entries', '59'),
(50, 19, 'non_nft_entries', '57'),
(51, 22, 'non_nft_entries', '66'),
(52, 24, 'non_nft_entries', '83'),
(53, 23, 'non_nft_entries', '77'),
(54, 26, 'non_nft_entries', '85'),
(55, 25, 'non_nft_entries', '52'),
(56, 27, 'non_nft_entries', '16'),
(57, 28, 'non_nft_entries', '44'),
(58, 29, 'non_nft_entries', '49'),
(59, 30, 'non_nft_entries', '76'),
(60, 31, 'non_nft_entries', '100');

INSERT INTO "public"."users" ("id", "fullname", "wallet_address", "password", "email", "email_verified_at", "balance", "total_loot", "total_loot_won", "loose_loost", "active", "avatar_url", "uid", "created_at", "updated_at") VALUES
(1, 'Be Tai', '6cwaQTX6FpurUzybXQXW8KizYfoByfbjHKZ9fBujqkSK', '$2b$06$fTbMrcSj9tAZZWG3KSJh.OL1a4e1UgmRCwtxS1y4uBiGylnchpJI6', 'tai.ictu@gmail.com', '2022-06-17 10:09:45', 580.5, 0, 0, 0, 1, NULL, '6cwaQTX', '2022-06-20 10:20:59', '2022-07-02 18:00:03'),
(3, 'Tuan Minh', 'HPPq1yVx67bTj6s5hYaEJcV69A384f2bLxnHhvfrAasP', '$2b$06$fTbMrcSj9tAZZWG3KSJh.OL1a4e1UgmRCwtxS1y4uBiGylnchpJI6', 'cauhaibg@gmail.com', '2022-06-17 10:09:45', 0, 0, 0, 0, 1, NULL, 'HPPq1y', '2022-06-20 10:20:59', '2022-06-20 10:20:59'),
(4, 'Dev01', 'AwChzhPxxZsWZEN2AHxaAKDNjr5zCZyUZ2wSYjPaHZeF', '$2b$06$fTbMrcSj9tAZZWG3KSJh.OL1a4e1UgmRCwtxS1y4uBiGylnchpJI6', 'dev01@eosvnl.com', '2022-06-17 10:09:45', 0, 0, 0, 0, 1, NULL, 'AwChzh', '2022-06-20 10:20:59', '2022-06-20 10:20:59'),
(5, 'Dev02', 'gA5z7qqQ3vnAvLv7tza86Mrbbwk4J8TW9YkjDdR9925S', '$2b$06$fTbMrcSj9tAZZWG3KSJh.OL1a4e1UgmRCwtxS1y4uBiGylnchpJI6', 'dev02@eosvnl.com', '2022-06-17 10:09:45', 95.7825, 0, 0, 0, 1, NULL, 'gA5z7q', '2022-06-20 10:20:59', '2022-07-02 18:00:03'),
(6, 'Dev03', 'XLmLKRV9unTS9KEVcTL5WKTQ5te4fqJnEDvLMQ77JM2k', '$2b$06$fTbMrcSj9tAZZWG3KSJh.OL1a4e1UgmRCwtxS1y4uBiGylnchpJI6', 'dev03@eosvnl.com', '2022-06-17 10:09:45', 0, 0, 0, 0, 1, NULL, 'XLmLKa', '2022-06-20 10:20:59', '2022-06-20 10:20:59'),
(7, 'Dev04', 'uQTGSZRe5hs4HdgpY6kE8SfcGGHPaGkFph9Ky2fqrB5p', '$2b$06$fTbMrcSj9tAZZWG3KSJh.OL1a4e1UgmRCwtxS1y4uBiGylnchpJI6', 'dev04@eosvnl.com', '2022-06-17 10:09:45', 95.7825, 0, 0, 0, 1, NULL, 'uQTGSZ', '2022-06-20 10:20:59', '2022-07-02 18:00:03'),
(8, 'Dev05', 'SPaL5NesBfaaSJmwQZa7tXp6WPXkw33XvjjLDKnvvw9J', '$2b$06$fTbMrcSj9tAZZWG3KSJh.OL1a4e1UgmRCwtxS1y4uBiGylnchpJI6', 'dev05@eosvnl.com', '2022-06-17 10:09:45', 0, 0, 0, 0, 1, NULL, 'SPaL5N', '2022-06-20 10:20:59', '2022-06-20 10:20:59'),
(9, 'Dev06', 'NZtYWUqEEukUvMdZTdSmGxX7xa5MfufjnFrAGNjnFnHw', '$2b$06$fTbMrcSj9tAZZWG3KSJh.OL1a4e1UgmRCwtxS1y4uBiGylnchpJI6', 'dev06@eosvnl.com', '2022-06-17 10:09:45', 0, 0, 0, 0, 1, NULL, 'NZtYWU', '2022-06-20 10:20:59', '2022-06-20 10:20:59'),
(10, 'Dev07', 'a5vrcFmkg8z8H8DKszZ9tL2Vz3eGB6HStzy3B5kD5rgT', '$2b$06$fTbMrcSj9tAZZWG3KSJh.OL1a4e1UgmRCwtxS1y4uBiGylnchpJI6', 'dev07@eosvnl.com', '2022-06-17 10:09:45', 0, 0, 0, 0, 1, NULL, 'a5vrcF', '2022-06-20 10:20:59', '2022-06-20 10:20:59'),
(11, 'Dev08', '84T6S6UPeFBTt82Y9fgVxbm6Ydz8EsJq3yBTz6TK9cdS', '$2b$06$fTbMrcSj9tAZZWG3KSJh.OL1a4e1UgmRCwtxS1y4uBiGylnchpJI6', 'dev08@eosvnl.com', '2022-06-17 10:09:45', 0, 0, 0, 0, 1, NULL, '84T6S6', '2022-06-20 10:20:59', '2022-06-20 10:20:59'),
(12, 'Test 00', 'TuDILPHhemQ3jCIgwmxe949QJFbW89zfpqgkahAh0COv', '$2b$06$fTbMrcSj9tAZZWG3KSJh.OL1a4e1UgmRCwtxS1y4uBiGylnchpJI6', 'u50310@cqgame.com', NULL, 0, 0, 0, 0, 1, '', '662bd6662da65f', '2022-06-30 09:01:23', '2022-06-30 09:01:23'),
(13, 'Test 01', 'iKkycEObKQDxLz9wdVL6xGtOkDgez9hhUozYq8lXwGfg', '$2b$06$fTbMrcSj9tAZZWG3KSJh.OL1a4e1UgmRCwtxS1y4uBiGylnchpJI6', 'u78891@cqgame.com', NULL, 0, 0, 0, 0, 1, '', '662bd6662da660', '2022-06-30 09:01:23', '2022-06-30 09:01:23'),
(14, 'Test 02', 'zhvmSlBZ2HzqywghDguG8pvbke7pUksi6k6SBQLWy53N', '$2b$06$fTbMrcSj9tAZZWG3KSJh.OL1a4e1UgmRCwtxS1y4uBiGylnchpJI6', 'u94765@cqgame.com', NULL, 95.7825, 0, 0, 0, 1, '', '662bd6662da661', '2022-06-30 09:01:23', '2022-07-02 18:00:03'),
(15, 'Test 03', 'QO7xnJsiPFH7GZf5A2R8Q0iTq5xGLmtyGfQZi9aE2qdZ', '$2b$06$fTbMrcSj9tAZZWG3KSJh.OL1a4e1UgmRCwtxS1y4uBiGylnchpJI6', 'u21967@cqgame.com', NULL, 95.7825, 0, 0, 0, 1, '', '662bd6662da662', '2022-06-30 09:01:23', '2022-07-02 18:00:03'),
(16, 'Test 04', 'uqfSXjt5lQOuVgcjmwzVutWXYm1UsHyZtuOW3x47yDOW', '$2b$06$fTbMrcSj9tAZZWG3KSJh.OL1a4e1UgmRCwtxS1y4uBiGylnchpJI6', 'u91049@cqgame.com', NULL, 0, 0, 0, 0, 1, '', '662bd6662da663', '2022-06-30 09:01:23', '2022-06-30 09:01:23'),
(17, 'Test 05', 'wK6w6XO0lZv9ZNhH9Ehp510iDBaBH36lfqCLpLIdVXOg', '$2b$06$fTbMrcSj9tAZZWG3KSJh.OL1a4e1UgmRCwtxS1y4uBiGylnchpJI6', 'u48697@cqgame.com', NULL, 0, 0, 0, 0, 1, '', '662bd6662da664', '2022-06-30 09:01:23', '2022-06-30 09:01:23'),
(18, 'Test 06', 'Y4oJInHhS4Hm3tFBEA80Ha5jEUaEhXqsAY7QBHZrKnkf', '$2b$06$fTbMrcSj9tAZZWG3KSJh.OL1a4e1UgmRCwtxS1y4uBiGylnchpJI6', 'u84204@cqgame.com', NULL, 0, 0, 0, 0, 1, '', '662bd6662da665', '2022-06-30 09:01:23', '2022-06-30 09:01:23'),
(19, 'Test 07', 'iDsUPAdimnOXO0FI3U0OOkE9cxncs8RT658vZQDHtfMo', '$2b$06$fTbMrcSj9tAZZWG3KSJh.OL1a4e1UgmRCwtxS1y4uBiGylnchpJI6', 'u62630@cqgame.com', NULL, 0, 0, 0, 0, 1, '', '662bd6662da666', '2022-06-30 09:01:23', '2022-06-30 09:01:23'),
(20, 'Test 08', 'r33mJsKXHdv3vFGIwlka8b8TzUZArmuQ7ib1ZDQj5tCH', '$2b$06$fTbMrcSj9tAZZWG3KSJh.OL1a4e1UgmRCwtxS1y4uBiGylnchpJI6', 'u47053@cqgame.com', NULL, 95.7825, 0, 0, 0, 1, '', '662bd6662da667', '2022-06-30 09:01:23', '2022-07-02 18:00:03'),
(21, 'Test 09', 'x7rUH93tyfUTgkFeZWhT53A8IcVTguworrXEYfxipPbC', '$2b$06$fTbMrcSj9tAZZWG3KSJh.OL1a4e1UgmRCwtxS1y4uBiGylnchpJI6', 'u60872@cqgame.com', NULL, 95.7825, 0, 0, 0, 1, '', '662bd6662da668', '2022-06-30 09:01:23', '2022-07-02 18:00:03'),
(22, 'Test 010', 'aF5z6AhamTLttN2xWTQLLSj4WcHy1MJr06i5BEyi1gWr', '$2b$06$fTbMrcSj9tAZZWG3KSJh.OL1a4e1UgmRCwtxS1y4uBiGylnchpJI6', 'u24365@cqgame.com', NULL, 95.7825, 0, 0, 0, 1, '', '662bd6662da669', '2022-06-30 09:01:23', '2022-07-02 18:00:03'),
(23, 'Test 011', 'h8H2dQuhAur4DqUSbbsyVjorE8OLSvOIR2TnbInS0jwW', '$2b$06$fTbMrcSj9tAZZWG3KSJh.OL1a4e1UgmRCwtxS1y4uBiGylnchpJI6', 'u41569@cqgame.com', NULL, 0, 0, 0, 0, 1, '', '662bd6662da66a', '2022-06-30 09:01:23', '2022-06-30 09:01:23'),
(24, 'Test 012', '4dnABL1ZvwLDLMrskVV6gbVBYvfLqJOs0sHo7nHI59So', '$2b$06$fTbMrcSj9tAZZWG3KSJh.OL1a4e1UgmRCwtxS1y4uBiGylnchpJI6', 'u57048@cqgame.com', NULL, 0, 0, 0, 0, 1, '', '662bd6662da66b', '2022-06-30 09:01:23', '2022-06-30 09:01:23'),
(25, 'Test 013', 'WYGZSOU4ceYAbqm4qBqjPo7sMY5Cy1VqudXNvEv8B7cF', '$2b$06$fTbMrcSj9tAZZWG3KSJh.OL1a4e1UgmRCwtxS1y4uBiGylnchpJI6', 'u94060@cqgame.com', NULL, 232.20000000000002, 0, 0, 0, 1, '', '662bd6662da66c', '2022-06-30 09:01:23', '2022-07-02 18:00:03'),
(26, 'Test 014', 'o0r34G5WjCYdW8SYf7pb29UkmxGRUCwyxi0oRhUDzBC9', '$2b$06$fTbMrcSj9tAZZWG3KSJh.OL1a4e1UgmRCwtxS1y4uBiGylnchpJI6', 'u10760@cqgame.com', NULL, 0, 0, 0, 0, 1, '', '662bd6662da66d', '2022-06-30 09:01:23', '2022-06-30 09:01:23'),
(27, 'Test 015', 'tb7HHZpakOSDIIEmQKnVsWBOLCfi9b8kQnDG265wXrbz', '$2b$06$fTbMrcSj9tAZZWG3KSJh.OL1a4e1UgmRCwtxS1y4uBiGylnchpJI6', 'u75901@cqgame.com', NULL, 0, 0, 0, 0, 1, '', '662bd6662da66e', '2022-06-30 09:01:23', '2022-06-30 09:01:23'),
(28, 'Test 016', 'hO6WTxwjt3fG4wf82K2MnZMcQ0hUcUnh4uWnzwwJhn7D', '$2b$06$fTbMrcSj9tAZZWG3KSJh.OL1a4e1UgmRCwtxS1y4uBiGylnchpJI6', 'u52516@cqgame.com', NULL, 95.7825, 0, 0, 0, 1, '', '662bd6662da66f', '2022-06-30 09:01:23', '2022-07-02 18:00:03'),
(29, 'Test 017', '5Z2lD6kYjbxwoWqQhiViYcU5M45wN4G3PvVhljdUuVWA', '$2b$06$fTbMrcSj9tAZZWG3KSJh.OL1a4e1UgmRCwtxS1y4uBiGylnchpJI6', 'u36738@cqgame.com', NULL, 0, 0, 0, 0, 1, '', '662bd6662da670', '2022-06-30 09:01:23', '2022-06-30 09:01:23'),
(30, 'Test 018', 'tRlfjNctZeESdNWiAjGHqr0SlMeL88zuM9ieyooc4yyQ', '$2b$06$fTbMrcSj9tAZZWG3KSJh.OL1a4e1UgmRCwtxS1y4uBiGylnchpJI6', 'u83712@cqgame.com', NULL, 0, 0, 0, 0, 1, '', '662bd6662da671', '2022-06-30 09:01:23', '2022-06-30 09:01:23'),
(31, 'Test 019', '9awpavc3U1F6QUMdj3tZDQtzvNQQEWXzfEMcX5zFQOo1', '$2b$06$fTbMrcSj9tAZZWG3KSJh.OL1a4e1UgmRCwtxS1y4uBiGylnchpJI6', 'u74093@cqgame.com', NULL, 0, 0, 0, 0, 1, '', '662bd6662da672', '2022-06-30 09:01:23', '2022-06-30 09:01:23'),
(32, '', 'Foe3C8aodmusCk5NNNNjqv6GpFReb9UmtBeEjaxs8wCe', '$2b$10$m1y337.VOQk0Uu4W55QJtul6xo3nxwOzAj4ZJ.sYV7gR5M/W/7FaW', NULL, NULL, NULL, 0, 0, 0, 1, '', '662d27ee34936c', '2022-07-16 09:03:31', '2022-07-16 09:03:31');

ALTER TABLE "public"."game_playing" ADD FOREIGN KEY ("game_id") REFERENCES "public"."games"("id");
ALTER TABLE "public"."game_playing" ADD FOREIGN KEY ("user_id") REFERENCES "public"."users"("id");
ALTER TABLE "public"."game_transactions" ADD FOREIGN KEY ("user_id") REFERENCES "public"."users"("id");
ALTER TABLE "public"."heroes" ADD FOREIGN KEY ("user_id") REFERENCES "public"."users"("id");
ALTER TABLE "public"."usermeta" ADD FOREIGN KEY ("user_id") REFERENCES "public"."users"("id");
